Dependency,Version,Used By,Installed?,Missing?
fastapi,>=0.111,Core,Yes,No
uvicorn[standard],>=0.30,Core,Yes,No
websockets,>=12.0,Core,Yes,No
python-multipart,>=0.0.9,Core,Yes,No
PyYAML,>=6.0,Core,Yes,No
pydantic,>=2.0,Core,Yes,No
SQLAlchemy,>=2.0.0,Core,Yes,No
rich,>=13.7,Core,Yes,No
questionary,>=2.0,Core,Yes,No
requests,>=2.31.0,Core,Yes,No
beautifulsoup4,>=4.12.0,Core,Yes,No
aiohttp,>=3.9.0,Core,Yes,No
aiofiles,>=23.2.0,Core,Yes,No
httpx,>=0.25.0,Core,Yes,No
python-dotenv,>=1.0.0,Core,Yes,No
dnspython,>=2.6.0,Core,Yes,No
APScheduler,>=3.10.1,Core,Yes,No
NodeJS Package,N/A,e:\ReconX\Reconx_V_2.0.0\dashboard,Unknown,Unknown
NodeJS Package,N/A,e:\ReconX\Reconx_V_2.0.0\dashboard\frontend,Unknown,Unknown
NodeJS Package,N/A,e:\ReconX\Reconx_V_2.0.0\dashboard\node_modules\@babel\code-frame,Unknown,Unknown
NodeJS Package,N/A,e:\ReconX\Reconx_V_2.0.0\dashboard\node_modules\@babel\compat-data,Unknown,Unknown
NodeJS Package,N/A,e:\ReconX\Reconx_V_2.0.0\dashboard\node_modules\@babel\core,Unknown,Unknown
NodeJS Package,N/A,e:\ReconX\Reconx_V_2.0.0\dashboard\node_modules\@babel\generator,Unknown,Unknown
NodeJS Package,N/A,e:\ReconX\Reconx_V_2.0.0\dashboard\node_modules\@babel\helper-compilation-targets,Unknown,Unknown
NodeJS Package,N/A,e:\ReconX\Reconx_V_2.0.0\dashboard\node_modules\@babel\helper-globals,Unknown,Unknown
NodeJS Package,N/A,e:\ReconX\Reconx_V_2.0.0\dashboard\node_modules\@babel\helper-module-imports,Unknown,Unknown
NodeJS Package,N/A,e:\ReconX\Reconx_V_2.0.0\dashboard\node_modules\@babel\helper-module-transforms,Unknown,Unknown
NodeJS Package,N/A,e:\ReconX\Reconx_V_2.0.0\dashboard\node_modules\@babel\helper-string-parser,Unknown,Unknown
NodeJS Package,N/A,e:\ReconX\Reconx_V_2.0.0\dashboard\node_modules\@babel\helper-validator-identifier,Unknown,Unknown
NodeJS Package,N/A,e:\ReconX\Reconx_V_2.0.0\dashboard\node_modules\@babel\helper-validator-option,Unknown,Unknown
NodeJS Package,N/A,e:\ReconX\Reconx_V_2.0.0\dashboard\node_modules\@babel\helpers,Unknown,Unknown
NodeJS Package,N/A,e:\ReconX\Reconx_V_2.0.0\dashboard\node_modules\@babel\parser,Unknown,Unknown
NodeJS Package,N/A,e:\ReconX\Reconx_V_2.0.0\dashboard\node_modules\@babel\template,Unknown,Unknown
NodeJS Package,N/A,e:\ReconX\Reconx_V_2.0.0\dashboard\node_modules\@babel\traverse,Unknown,Unknown
NodeJS Package,N/A,e:\ReconX\Reconx_V_2.0.0\dashboard\node_modules\@babel\types,Unknown,Unknown
NodeJS Package,N/A,e:\ReconX\Reconx_V_2.0.0\dashboard\node_modules\@eslint\config-array,Unknown,Unknown
NodeJS Package,N/A,e:\ReconX\Reconx_V_2.0.0\dashboard\node_modules\@eslint\config-helpers,Unknown,Unknown
NodeJS Package,N/A,e:\ReconX\Reconx_V_2.0.0\dashboard\node_modules\@eslint\core,Unknown,Unknown
NodeJS Package,N/A,e:\ReconX\Reconx_V_2.0.0\dashboard\node_modules\@eslint\js,Unknown,Unknown
NodeJS Package,N/A,e:\ReconX\Reconx_V_2.0.0\dashboard\node_modules\@eslint\object-schema,Unknown,Unknown
NodeJS Package,N/A,e:\ReconX\Reconx_V_2.0.0\dashboard\node_modules\@eslint\plugin-kit,Unknown,Unknown
NodeJS Package,N/A,e:\ReconX\Reconx_V_2.0.0\dashboard\node_modules\@eslint-community\eslint-utils,Unknown,Unknown
NodeJS Package,N/A,e:\ReconX\Reconx_V_2.0.0\dashboard\node_modules\@eslint-community\eslint-utils\node_modules\eslint-visitor-keys,Unknown,Unknown
NodeJS Package,N/A,e:\ReconX\Reconx_V_2.0.0\dashboard\node_modules\@eslint-community\regexpp,Unknown,Unknown
NodeJS Package,N/A,e:\ReconX\Reconx_V_2.0.0\dashboard\node_modules\@humanfs\core,Unknown,Unknown
NodeJS Package,N/A,e:\ReconX\Reconx_V_2.0.0\dashboard\node_modules\@humanfs\node,Unknown,Unknown
NodeJS Package,N/A,e:\ReconX\Reconx_V_2.0.0\dashboard\node_modules\@humanfs\types,Unknown,Unknown
NodeJS Package,N/A,e:\ReconX\Reconx_V_2.0.0\dashboard\node_modules\@humanwhocodes\module-importer,Unknown,Unknown
NodeJS Package,N/A,e:\ReconX\Reconx_V_2.0.0\dashboard\node_modules\@humanwhocodes\retry,Unknown,Unknown
NodeJS Package,N/A,e:\ReconX\Reconx_V_2.0.0\dashboard\node_modules\@jridgewell\gen-mapping,Unknown,Unknown
NodeJS Package,N/A,e:\ReconX\Reconx_V_2.0.0\dashboard\node_modules\@jridgewell\remapping,Unknown,Unknown
NodeJS Package,N/A,e:\ReconX\Reconx_V_2.0.0\dashboard\node_modules\@jridgewell\resolve-uri,Unknown,Unknown
NodeJS Package,N/A,e:\ReconX\Reconx_V_2.0.0\dashboard\node_modules\@jridgewell\sourcemap-codec,Unknown,Unknown
NodeJS Package,N/A,e:\ReconX\Reconx_V_2.0.0\dashboard\node_modules\@jridgewell\trace-mapping,Unknown,Unknown
NodeJS Package,N/A,e:\ReconX\Reconx_V_2.0.0\dashboard\node_modules\@oxc-project\types,Unknown,Unknown
NodeJS Package,N/A,e:\ReconX\Reconx_V_2.0.0\dashboard\node_modules\@rolldown\binding-win32-x64-msvc,Unknown,Unknown
NodeJS Package,N/A,e:\ReconX\Reconx_V_2.0.0\dashboard\node_modules\@rolldown\pluginutils,Unknown,Unknown
NodeJS Package,N/A,e:\ReconX\Reconx_V_2.0.0\dashboard\node_modules\@types\esrecurse,Unknown,Unknown
NodeJS Package,N/A,e:\ReconX\Reconx_V_2.0.0\dashboard\node_modules\@types\estree,Unknown,Unknown
NodeJS Package,N/A,e:\ReconX\Reconx_V_2.0.0\dashboard\node_modules\@types\json-schema,Unknown,Unknown
NodeJS Package,N/A,e:\ReconX\Reconx_V_2.0.0\dashboard\node_modules\@types\react,Unknown,Unknown
NodeJS Package,N/A,e:\ReconX\Reconx_V_2.0.0\dashboard\node_modules\@types\react-dom,Unknown,Unknown
NodeJS Package,N/A,e:\ReconX\Reconx_V_2.0.0\dashboard\node_modules\@vitejs\plugin-react,Unknown,Unknown
NodeJS Package,N/A,e:\ReconX\Reconx_V_2.0.0\dashboard\node_modules\acorn,Unknown,Unknown
NodeJS Package,N/A,e:\ReconX\Reconx_V_2.0.0\dashboard\node_modules\acorn-jsx,Unknown,Unknown
NodeJS Package,N/A,e:\ReconX\Reconx_V_2.0.0\dashboard\node_modules\ajv,Unknown,Unknown
NodeJS Package,N/A,e:\ReconX\Reconx_V_2.0.0\dashboard\node_modules\balanced-match,Unknown,Unknown
NodeJS Package,N/A,e:\ReconX\Reconx_V_2.0.0\dashboard\node_modules\balanced-match\dist\commonjs,Unknown,Unknown
NodeJS Package,N/A,e:\ReconX\Reconx_V_2.0.0\dashboard\node_modules\balanced-match\dist\esm,Unknown,Unknown
NodeJS Package,N/A,e:\ReconX\Reconx_V_2.0.0\dashboard\node_modules\baseline-browser-mapping,Unknown,Unknown
NodeJS Package,N/A,e:\ReconX\Reconx_V_2.0.0\dashboard\node_modules\brace-expansion,Unknown,Unknown
NodeJS Package,N/A,e:\ReconX\Reconx_V_2.0.0\dashboard\node_modules\brace-expansion\dist\commonjs,Unknown,Unknown
NodeJS Package,N/A,e:\ReconX\Reconx_V_2.0.0\dashboard\node_modules\brace-expansion\dist\esm,Unknown,Unknown
NodeJS Package,N/A,e:\ReconX\Reconx_V_2.0.0\dashboard\node_modules\browserslist,Unknown,Unknown
NodeJS Package,N/A,e:\ReconX\Reconx_V_2.0.0\dashboard\node_modules\caniuse-lite,Unknown,Unknown
NodeJS Package,N/A,e:\ReconX\Reconx_V_2.0.0\dashboard\node_modules\convert-source-map,Unknown,Unknown
NodeJS Package,N/A,e:\ReconX\Reconx_V_2.0.0\dashboard\node_modules\cross-spawn,Unknown,Unknown
NodeJS Package,N/A,e:\ReconX\Reconx_V_2.0.0\dashboard\node_modules\csstype,Unknown,Unknown
NodeJS Package,N/A,e:\ReconX\Reconx_V_2.0.0\dashboard\node_modules\debug,Unknown,Unknown
NodeJS Package,N/A,e:\ReconX\Reconx_V_2.0.0\dashboard\node_modules\deep-is,Unknown,Unknown
NodeJS Package,N/A,e:\ReconX\Reconx_V_2.0.0\dashboard\node_modules\detect-libc,Unknown,Unknown
NodeJS Package,N/A,e:\ReconX\Reconx_V_2.0.0\dashboard\node_modules\electron-to-chromium,Unknown,Unknown
NodeJS Package,N/A,e:\ReconX\Reconx_V_2.0.0\dashboard\node_modules\escalade,Unknown,Unknown
NodeJS Package,N/A,e:\ReconX\Reconx_V_2.0.0\dashboard\node_modules\escape-string-regexp,Unknown,Unknown
NodeJS Package,N/A,e:\ReconX\Reconx_V_2.0.0\dashboard\node_modules\eslint,Unknown,Unknown
NodeJS Package,N/A,e:\ReconX\Reconx_V_2.0.0\dashboard\node_modules\eslint-plugin-react-hooks,Unknown,Unknown
NodeJS Package,N/A,e:\ReconX\Reconx_V_2.0.0\dashboard\node_modules\eslint-plugin-react-refresh,Unknown,Unknown
NodeJS Package,N/A,e:\ReconX\Reconx_V_2.0.0\dashboard\node_modules\eslint-scope,Unknown,Unknown
NodeJS Package,N/A,e:\ReconX\Reconx_V_2.0.0\dashboard\node_modules\eslint-visitor-keys,Unknown,Unknown
NodeJS Package,N/A,e:\ReconX\Reconx_V_2.0.0\dashboard\node_modules\espree,Unknown,Unknown
NodeJS Package,N/A,e:\ReconX\Reconx_V_2.0.0\dashboard\node_modules\esquery,Unknown,Unknown
NodeJS Package,N/A,e:\ReconX\Reconx_V_2.0.0\dashboard\node_modules\esrecurse,Unknown,Unknown
NodeJS Package,N/A,e:\ReconX\Reconx_V_2.0.0\dashboard\node_modules\estraverse,Unknown,Unknown
NodeJS Package,N/A,e:\ReconX\Reconx_V_2.0.0\dashboard\node_modules\esutils,Unknown,Unknown
NodeJS Package,N/A,e:\ReconX\Reconx_V_2.0.0\dashboard\node_modules\fast-deep-equal,Unknown,Unknown
NodeJS Package,N/A,e:\ReconX\Reconx_V_2.0.0\dashboard\node_modules\fast-json-stable-stringify,Unknown,Unknown
NodeJS Package,N/A,e:\ReconX\Reconx_V_2.0.0\dashboard\node_modules\fast-levenshtein,Unknown,Unknown
NodeJS Package,N/A,e:\ReconX\Reconx_V_2.0.0\dashboard\node_modules\fdir,Unknown,Unknown
NodeJS Package,N/A,e:\ReconX\Reconx_V_2.0.0\dashboard\node_modules\file-entry-cache,Unknown,Unknown
NodeJS Package,N/A,e:\ReconX\Reconx_V_2.0.0\dashboard\node_modules\find-up,Unknown,Unknown
NodeJS Package,N/A,e:\ReconX\Reconx_V_2.0.0\dashboard\node_modules\flat-cache,Unknown,Unknown
NodeJS Package,N/A,e:\ReconX\Reconx_V_2.0.0\dashboard\node_modules\flatted,Unknown,Unknown
NodeJS Package,N/A,e:\ReconX\Reconx_V_2.0.0\dashboard\node_modules\flatted\cjs,Unknown,Unknown
NodeJS Package,N/A,e:\ReconX\Reconx_V_2.0.0\dashboard\node_modules\gensync,Unknown,Unknown
NodeJS Package,N/A,e:\ReconX\Reconx_V_2.0.0\dashboard\node_modules\glob-parent,Unknown,Unknown
NodeJS Package,N/A,e:\ReconX\Reconx_V_2.0.0\dashboard\node_modules\globals,Unknown,Unknown
NodeJS Package,N/A,e:\ReconX\Reconx_V_2.0.0\dashboard\node_modules\hermes-estree,Unknown,Unknown
NodeJS Package,N/A,e:\ReconX\Reconx_V_2.0.0\dashboard\node_modules\hermes-parser,Unknown,Unknown
NodeJS Package,N/A,e:\ReconX\Reconx_V_2.0.0\dashboard\node_modules\ignore,Unknown,Unknown
NodeJS Package,N/A,e:\ReconX\Reconx_V_2.0.0\dashboard\node_modules\imurmurhash,Unknown,Unknown
NodeJS Package,N/A,e:\ReconX\Reconx_V_2.0.0\dashboard\node_modules\is-extglob,Unknown,Unknown
NodeJS Package,N/A,e:\ReconX\Reconx_V_2.0.0\dashboard\node_modules\is-glob,Unknown,Unknown
NodeJS Package,N/A,e:\ReconX\Reconx_V_2.0.0\dashboard\node_modules\isexe,Unknown,Unknown
NodeJS Package,N/A,e:\ReconX\Reconx_V_2.0.0\dashboard\node_modules\js-tokens,Unknown,Unknown
NodeJS Package,N/A,e:\ReconX\Reconx_V_2.0.0\dashboard\node_modules\jsesc,Unknown,Unknown
NodeJS Package,N/A,e:\ReconX\Reconx_V_2.0.0\dashboard\node_modules\json-buffer,Unknown,Unknown
NodeJS Package,N/A,e:\ReconX\Reconx_V_2.0.0\dashboard\node_modules\json-schema-traverse,Unknown,Unknown
NodeJS Package,N/A,e:\ReconX\Reconx_V_2.0.0\dashboard\node_modules\json-stable-stringify-without-jsonify,Unknown,Unknown
NodeJS Package,N/A,e:\ReconX\Reconx_V_2.0.0\dashboard\node_modules\json5,Unknown,Unknown
NodeJS Package,N/A,e:\ReconX\Reconx_V_2.0.0\dashboard\node_modules\keyv,Unknown,Unknown
NodeJS Package,N/A,e:\ReconX\Reconx_V_2.0.0\dashboard\node_modules\levn,Unknown,Unknown
NodeJS Package,N/A,e:\ReconX\Reconx_V_2.0.0\dashboard\node_modules\lightningcss,Unknown,Unknown
NodeJS Package,N/A,e:\ReconX\Reconx_V_2.0.0\dashboard\node_modules\lightningcss-win32-x64-msvc,Unknown,Unknown
NodeJS Package,N/A,e:\ReconX\Reconx_V_2.0.0\dashboard\node_modules\locate-path,Unknown,Unknown
NodeJS Package,N/A,e:\ReconX\Reconx_V_2.0.0\dashboard\node_modules\lru-cache,Unknown,Unknown
NodeJS Package,N/A,e:\ReconX\Reconx_V_2.0.0\dashboard\node_modules\minimatch,Unknown,Unknown
NodeJS Package,N/A,e:\ReconX\Reconx_V_2.0.0\dashboard\node_modules\minimatch\dist\commonjs,Unknown,Unknown
NodeJS Package,N/A,e:\ReconX\Reconx_V_2.0.0\dashboard\node_modules\minimatch\dist\esm,Unknown,Unknown
NodeJS Package,N/A,e:\ReconX\Reconx_V_2.0.0\dashboard\node_modules\ms,Unknown,Unknown
NodeJS Package,N/A,e:\ReconX\Reconx_V_2.0.0\dashboard\node_modules\nanoid,Unknown,Unknown
NodeJS Package,N/A,e:\ReconX\Reconx_V_2.0.0\dashboard\node_modules\nanoid\async,Unknown,Unknown
NodeJS Package,N/A,e:\ReconX\Reconx_V_2.0.0\dashboard\node_modules\nanoid\non-secure,Unknown,Unknown
NodeJS Package,N/A,e:\ReconX\Reconx_V_2.0.0\dashboard\node_modules\nanoid\url-alphabet,Unknown,Unknown
NodeJS Package,N/A,e:\ReconX\Reconx_V_2.0.0\dashboard\node_modules\natural-compare,Unknown,Unknown
NodeJS Package,N/A,e:\ReconX\Reconx_V_2.0.0\dashboard\node_modules\node-releases,Unknown,Unknown
NodeJS Package,N/A,e:\ReconX\Reconx_V_2.0.0\dashboard\node_modules\optionator,Unknown,Unknown
NodeJS Package,N/A,e:\ReconX\Reconx_V_2.0.0\dashboard\node_modules\p-limit,Unknown,Unknown
NodeJS Package,N/A,e:\ReconX\Reconx_V_2.0.0\dashboard\node_modules\p-locate,Unknown,Unknown
NodeJS Package,N/A,e:\ReconX\Reconx_V_2.0.0\dashboard\node_modules\path-exists,Unknown,Unknown
NodeJS Package,N/A,e:\ReconX\Reconx_V_2.0.0\dashboard\node_modules\path-key,Unknown,Unknown
NodeJS Package,N/A,e:\ReconX\Reconx_V_2.0.0\dashboard\node_modules\picocolors,Unknown,Unknown
NodeJS Package,N/A,e:\ReconX\Reconx_V_2.0.0\dashboard\node_modules\picomatch,Unknown,Unknown
NodeJS Package,N/A,e:\ReconX\Reconx_V_2.0.0\dashboard\node_modules\postcss,Unknown,Unknown
NodeJS Package,N/A,e:\ReconX\Reconx_V_2.0.0\dashboard\node_modules\prelude-ls,Unknown,Unknown
NodeJS Package,N/A,e:\ReconX\Reconx_V_2.0.0\dashboard\node_modules\punycode,Unknown,Unknown
NodeJS Package,N/A,e:\ReconX\Reconx_V_2.0.0\dashboard\node_modules\react,Unknown,Unknown
NodeJS Package,N/A,e:\ReconX\Reconx_V_2.0.0\dashboard\node_modules\react-dom,Unknown,Unknown
NodeJS Package,N/A,e:\ReconX\Reconx_V_2.0.0\dashboard\node_modules\rolldown,Unknown,Unknown
NodeJS Package,N/A,e:\ReconX\Reconx_V_2.0.0\dashboard\node_modules\scheduler,Unknown,Unknown
NodeJS Package,N/A,e:\ReconX\Reconx_V_2.0.0\dashboard\node_modules\semver,Unknown,Unknown
NodeJS Package,N/A,e:\ReconX\Reconx_V_2.0.0\dashboard\node_modules\shebang-command,Unknown,Unknown
NodeJS Package,N/A,e:\ReconX\Reconx_V_2.0.0\dashboard\node_modules\shebang-regex,Unknown,Unknown
NodeJS Package,N/A,e:\ReconX\Reconx_V_2.0.0\dashboard\node_modules\source-map-js,Unknown,Unknown
NodeJS Package,N/A,e:\ReconX\Reconx_V_2.0.0\dashboard\node_modules\tinyglobby,Unknown,Unknown
NodeJS Package,N/A,e:\ReconX\Reconx_V_2.0.0\dashboard\node_modules\type-check,Unknown,Unknown
NodeJS Package,N/A,e:\ReconX\Reconx_V_2.0.0\dashboard\node_modules\update-browserslist-db,Unknown,Unknown
NodeJS Package,N/A,e:\ReconX\Reconx_V_2.0.0\dashboard\node_modules\uri-js,Unknown,Unknown
NodeJS Package,N/A,e:\ReconX\Reconx_V_2.0.0\dashboard\node_modules\vite,Unknown,Unknown
NodeJS Package,N/A,e:\ReconX\Reconx_V_2.0.0\dashboard\node_modules\which,Unknown,Unknown
NodeJS Package,N/A,e:\ReconX\Reconx_V_2.0.0\dashboard\node_modules\word-wrap,Unknown,Unknown
NodeJS Package,N/A,e:\ReconX\Reconx_V_2.0.0\dashboard\node_modules\yallist,Unknown,Unknown
NodeJS Package,N/A,e:\ReconX\Reconx_V_2.0.0\dashboard\node_modules\yocto-queue,Unknown,Unknown
NodeJS Package,N/A,e:\ReconX\Reconx_V_2.0.0\dashboard\node_modules\zod,Unknown,Unknown
NodeJS Package,N/A,e:\ReconX\Reconx_V_2.0.0\dashboard\node_modules\zod\locales,Unknown,Unknown
NodeJS Package,N/A,e:\ReconX\Reconx_V_2.0.0\dashboard\node_modules\zod\mini,Unknown,Unknown
NodeJS Package,N/A,e:\ReconX\Reconx_V_2.0.0\dashboard\node_modules\zod\v3,Unknown,Unknown
NodeJS Package,N/A,e:\ReconX\Reconx_V_2.0.0\dashboard\node_modules\zod\v4,Unknown,Unknown
NodeJS Package,N/A,e:\ReconX\Reconx_V_2.0.0\dashboard\node_modules\zod\v4\classic,Unknown,Unknown
NodeJS Package,N/A,e:\ReconX\Reconx_V_2.0.0\dashboard\node_modules\zod\v4\core,Unknown,Unknown
NodeJS Package,N/A,e:\ReconX\Reconx_V_2.0.0\dashboard\node_modules\zod\v4\locales,Unknown,Unknown
NodeJS Package,N/A,e:\ReconX\Reconx_V_2.0.0\dashboard\node_modules\zod\v4\mini,Unknown,Unknown
NodeJS Package,N/A,e:\ReconX\Reconx_V_2.0.0\dashboard\node_modules\zod\v4-mini,Unknown,Unknown
NodeJS Package,N/A,e:\ReconX\Reconx_V_2.0.0\dashboard\node_modules\zod-validation-error,Unknown,Unknown
Go Module,N/A,e:\ReconX\Reconx_V_2.0.0\plugins\ai_systems\agent_trace,Unknown,Unknown
Go Module,N/A,e:\ReconX\Reconx_V_2.0.0\plugins\ai_systems\agent_trace_test,Unknown,Unknown
Go Module,N/A,e:\ReconX\Reconx_V_2.0.0\plugins\ai_systems\attach,Unknown,Unknown
Go Module,N/A,e:\ReconX\Reconx_V_2.0.0\plugins\ai_systems\attach_test,Unknown,Unknown
NodeJS Package,N/A,e:\ReconX\Reconx_V_2.0.0\plugins\ai_systems\audit,Unknown,Unknown
NodeJS Package,N/A,e:\ReconX\Reconx_V_2.0.0\plugins\ai_systems\audit-logger,Unknown,Unknown
NodeJS Package,N/A,e:\ReconX\Reconx_V_2.0.0\plugins\ai_systems\audit-session,Unknown,Unknown
NodeJS Package,N/A,e:\ReconX\Reconx_V_2.0.0\plugins\ai_systems\base-agent,Unknown,Unknown
Go Module,N/A,e:\ReconX\Reconx_V_2.0.0\plugins\ai_systems\batch_task,Unknown,Unknown
Go Module,N/A,e:\ReconX\Reconx_V_2.0.0\plugins\ai_systems\batch_task_manager,Unknown,Unknown
Go Module,N/A,e:\ReconX\Reconx_V_2.0.0\plugins\ai_systems\batch_task_mcp,Unknown,Unknown
Go Module,N/A,e:\ReconX\Reconx_V_2.0.0\plugins\ai_systems\c2_hitl_bridge,Unknown,Unknown
Go Module,N/A,e:\ReconX\Reconx_V_2.0.0\plugins\ai_systems\claude_reasoning_roundtrip,Unknown,Unknown
Go Module,N/A,e:\ReconX\Reconx_V_2.0.0\plugins\ai_systems\claude_reasoning_roundtrip_test,Unknown,Unknown
NodeJS Package,N/A,e:\ReconX\Reconx_V_2.0.0\plugins\ai_systems\cmdi-agent,Unknown,Unknown
Go Module,N/A,e:\ReconX\Reconx_V_2.0.0\plugins\ai_systems\content,Unknown,Unknown
Go Module,N/A,e:\ReconX\Reconx_V_2.0.0\plugins\ai_systems\eino_checkpoint,Unknown,Unknown
Go Module,N/A,e:\ReconX\Reconx_V_2.0.0\plugins\ai_systems\eino_execute_monitor,Unknown,Unknown
Go Module,N/A,e:\ReconX\Reconx_V_2.0.0\plugins\ai_systems\eino_execute_streaming_wrap,Unknown,Unknown
Go Module,N/A,e:\ReconX\Reconx_V_2.0.0\plugins\ai_systems\eino_exit_fallback_test,Unknown,Unknown
Go Module,N/A,e:\ReconX\Reconx_V_2.0.0\plugins\ai_systems\eino_filesystem_tool_monitor,Unknown,Unknown
Go Module,N/A,e:\ReconX\Reconx_V_2.0.0\plugins\ai_systems\eino_input_telemetry,Unknown,Unknown
Go Module,N/A,e:\ReconX\Reconx_V_2.0.0\plugins\ai_systems\eino_middleware,Unknown,Unknown
Go Module,N/A,e:\ReconX\Reconx_V_2.0.0\plugins\ai_systems\eino_middleware_test,Unknown,Unknown
Go Module,N/A,e:\ReconX\Reconx_V_2.0.0\plugins\ai_systems\eino_model_facing_trace,Unknown,Unknown
Go Module,N/A,e:\ReconX\Reconx_V_2.0.0\plugins\ai_systems\eino_model_rewrite_pipeline,Unknown,Unknown
Go Module,N/A,e:\ReconX\Reconx_V_2.0.0\plugins\ai_systems\eino_orchestration,Unknown,Unknown
Go Module,N/A,e:\ReconX\Reconx_V_2.0.0\plugins\ai_systems\eino_resume_segment,Unknown,Unknown
Go Module,N/A,e:\ReconX\Reconx_V_2.0.0\plugins\ai_systems\eino_single_agent,Unknown,Unknown
Go Module,N/A,e:\ReconX\Reconx_V_2.0.0\plugins\ai_systems\eino_skills,Unknown,Unknown
Go Module,N/A,e:\ReconX\Reconx_V_2.0.0\plugins\ai_systems\eino_sse_sanitizer,Unknown,Unknown
Go Module,N/A,e:\ReconX\Reconx_V_2.0.0\plugins\ai_systems\eino_sse_sanitizer_test,Unknown,Unknown
Go Module,N/A,e:\ReconX\Reconx_V_2.0.0\plugins\ai_systems\eino_summarize,Unknown,Unknown
Go Module,N/A,e:\ReconX\Reconx_V_2.0.0\plugins\ai_systems\eino_summarize_test,Unknown,Unknown
NodeJS Package,N/A,e:\ReconX\Reconx_V_2.0.0\plugins\ai_systems\EvidenceCommand,Unknown,Unknown
NodeJS Package,N/A,e:\ReconX\Reconx_V_2.0.0\plugins\ai_systems\formatting,Unknown,Unknown
Go Module,N/A,e:\ReconX\Reconx_V_2.0.0\plugins\ai_systems\frontmatter,Unknown,Unknown
NodeJS Package,N/A,e:\ReconX\Reconx_V_2.0.0\plugins\ai_systems\generate-totp,Unknown,Unknown
NodeJS Package,N/A,e:\ReconX\Reconx_V_2.0.0\plugins\ai_systems\git-manager,Unknown,Unknown
NodeJS Package,N/A,e:\ReconX\Reconx_V_2.0.0\plugins\ai_systems\ground-truth-agent,Unknown,Unknown
Go Module,N/A,e:\ReconX\Reconx_V_2.0.0\plugins\ai_systems\group,Unknown,Unknown
Go Module,N/A,e:\ReconX\Reconx_V_2.0.0\plugins\ai_systems\hitl_context,Unknown,Unknown
Go Module,N/A,e:\ReconX\Reconx_V_2.0.0\plugins\ai_systems\hitl_middleware,Unknown,Unknown
Go Module,N/A,e:\ReconX\Reconx_V_2.0.0\plugins\ai_systems\holder,Unknown,Unknown
NodeJS Package,N/A,e:\ReconX\Reconx_V_2.0.0\plugins\ai_systems\index,Unknown,Unknown
NodeJS Package,N/A,e:\ReconX\Reconx_V_2.0.0\plugins\ai_systems\index_12,Unknown,Unknown
NodeJS Package,N/A,e:\ReconX\Reconx_V_2.0.0\plugins\ai_systems\index_4,Unknown,Unknown
NodeJS Package,N/A,e:\ReconX\Reconx_V_2.0.0\plugins\ai_systems\index_9,Unknown,Unknown
Go Module,N/A,e:\ReconX\Reconx_V_2.0.0\plugins\ai_systems\interrupt,Unknown,Unknown
Go Module,N/A,e:\ReconX\Reconx_V_2.0.0\plugins\ai_systems\layout,Unknown,Unknown
Go Module,N/A,e:\ReconX\Reconx_V_2.0.0\plugins\ai_systems\listener_tcp,Unknown,Unknown
NodeJS Package,N/A,e:\ReconX\Reconx_V_2.0.0\plugins\ai_systems\log-stream,Unknown,Unknown
NodeJS Package,N/A,e:\ReconX\Reconx_V_2.0.0\plugins\ai_systems\logger,Unknown,Unknown
NodeJS Package,N/A,e:\ReconX\Reconx_V_2.0.0\plugins\ai_systems\logger_1,Unknown,Unknown
Go Module,N/A,e:\ReconX\Reconx_V_2.0.0\plugins\ai_systems\main_12,Unknown,Unknown
Go Module,N/A,e:\ReconX\Reconx_V_2.0.0\plugins\ai_systems\markdown_orchestrator_test,Unknown,Unknown
Go Module,N/A,e:\ReconX\Reconx_V_2.0.0\plugins\ai_systems\mcp_tools,Unknown,Unknown
NodeJS Package,N/A,e:\ReconX\Reconx_V_2.0.0\plugins\ai_systems\metrics,Unknown,Unknown
NodeJS Package,N/A,e:\ReconX\Reconx_V_2.0.0\plugins\ai_systems\models,Unknown,Unknown
Go Module,N/A,e:\ReconX\Reconx_V_2.0.0\plugins\ai_systems\multi_agent_prepare,Unknown,Unknown
Go Module,N/A,e:\ReconX\Reconx_V_2.0.0\plugins\ai_systems\normalize_streaming_delta_test,Unknown,Unknown
Go Module,N/A,e:\ReconX\Reconx_V_2.0.0\plugins\ai_systems\normalize_streaming_eof_test,Unknown,Unknown
NodeJS Package,N/A,e:\ReconX\Reconx_V_2.0.0\plugins\ai_systems\orchestratortest,Unknown,Unknown
Go Module,N/A,e:\ReconX\Reconx_V_2.0.0\plugins\ai_systems\orchestrator_instruction,Unknown,Unknown
Go Module,N/A,e:\ReconX\Reconx_V_2.0.0\plugins\ai_systems\orphan_tool_pruner_middleware_test,Unknown,Unknown
Go Module,N/A,e:\ReconX\Reconx_V_2.0.0\plugins\ai_systems\otel,Unknown,Unknown
NodeJS Package,N/A,e:\ReconX\Reconx_V_2.0.0\plugins\ai_systems\paths_1,Unknown,Unknown
Go Module,N/A,e:\ReconX\Reconx_V_2.0.0\plugins\ai_systems\payload_builder,Unknown,Unknown
Go Module,N/A,e:\ReconX\Reconx_V_2.0.0\plugins\ai_systems\plan_execute_executor,Unknown,Unknown
Go Module,N/A,e:\ReconX\Reconx_V_2.0.0\plugins\ai_systems\plan_execute_steps_cap,Unknown,Unknown
Go Module,N/A,e:\ReconX\Reconx_V_2.0.0\plugins\ai_systems\plan_execute_steps_cap_test,Unknown,Unknown
Go Module,N/A,e:\ReconX\Reconx_V_2.0.0\plugins\ai_systems\plan_execute_text,Unknown,Unknown
Go Module,N/A,e:\ReconX\Reconx_V_2.0.0\plugins\ai_systems\plan_execute_text_test,Unknown,Unknown
NodeJS Package,N/A,e:\ReconX\Reconx_V_2.0.0\plugins\ai_systems\progress-manager,Unknown,Unknown
NodeJS Package,N/A,e:\ReconX\Reconx_V_2.0.0\plugins\ai_systems\prompt-manager,Unknown,Unknown
NodeJS Package,N/A,e:\ReconX\Reconx_V_2.0.0\plugins\ai_systems\prompts,Unknown,Unknown
Go Module,N/A,e:\ReconX\Reconx_V_2.0.0\plugins\ai_systems\reasoning_trace,Unknown,Unknown
Go Module,N/A,e:\ReconX\Reconx_V_2.0.0\plugins\ai_systems\reasoning_trace_test,Unknown,Unknown
NodeJS Package,N/A,e:\ReconX\Reconx_V_2.0.0\plugins\ai_systems\remediation-agent,Unknown,Unknown
NodeJS Package,N/A,e:\ReconX\Reconx_V_2.0.0\plugins\ai_systems\report-output-provider,Unknown,Unknown
NodeJS Package,N/A,e:\ReconX\Reconx_V_2.0.0\plugins\ai_systems\result,Unknown,Unknown
Go Module,N/A,e:\ReconX\Reconx_V_2.0.0\plugins\ai_systems\role,Unknown,Unknown
NodeJS Package,N/A,e:\ReconX\Reconx_V_2.0.0\plugins\ai_systems\router,Unknown,Unknown
Go Module,N/A,e:\ReconX\Reconx_V_2.0.0\plugins\ai_systems\runner_reasoning_history_test,Unknown,Unknown
Go Module,N/A,e:\ReconX\Reconx_V_2.0.0\plugins\ai_systems\run_context,Unknown,Unknown
NodeJS Package,N/A,e:\ReconX\Reconx_V_2.0.0\plugins\ai_systems\save-deliverable,Unknown,Unknown
Go Module,N/A,e:\ReconX\Reconx_V_2.0.0\plugins\ai_systems\service_1,Unknown,Unknown
Go Module,N/A,e:\ReconX\Reconx_V_2.0.0\plugins\ai_systems\skills,Unknown,Unknown
Go Module,N/A,e:\ReconX\Reconx_V_2.0.0\plugins\ai_systems\sse_stream,Unknown,Unknown
NodeJS Package,N/A,e:\ReconX\Reconx_V_2.0.0\plugins\ai_systems\summary-mapper,Unknown,Unknown
Go Module,N/A,e:\ReconX\Reconx_V_2.0.0\plugins\ai_systems\task_manager,Unknown,Unknown
Go Module,N/A,e:\ReconX\Reconx_V_2.0.0\plugins\ai_systems\tool_error_middleware,Unknown,Unknown
Go Module,N/A,e:\ReconX\Reconx_V_2.0.0\plugins\ai_systems\tool_error_middleware_test,Unknown,Unknown
Go Module,N/A,e:\ReconX\Reconx_V_2.0.0\plugins\ai_systems\tool_invoke_notify,Unknown,Unknown
Go Module,N/A,e:\ReconX\Reconx_V_2.0.0\plugins\ai_systems\truncate_test,Unknown,Unknown
NodeJS Package,N/A,e:\ReconX\Reconx_V_2.0.0\plugins\ai_systems\tsdownconfig,Unknown,Unknown
Go Module,N/A,e:\ReconX\Reconx_V_2.0.0\plugins\ai_systems\types_7,Unknown,Unknown
NodeJS Package,N/A,e:\ReconX\Reconx_V_2.0.0\plugins\ai_systems\utils,Unknown,Unknown
Go Module,N/A,e:\ReconX\Reconx_V_2.0.0\plugins\ai_systems\validate,Unknown,Unknown
NodeJS Package,N/A,e:\ReconX\Reconx_V_2.0.0\plugins\ai_systems\validation-harness,Unknown,Unknown
Go Module,N/A,e:\ReconX\Reconx_V_2.0.0\plugins\ai_systems\webshell_context,Unknown,Unknown
Go Module,N/A,e:\ReconX\Reconx_V_2.0.0\plugins\ai_systems\webshell_context_test,Unknown,Unknown
Go Module,N/A,e:\ReconX\Reconx_V_2.0.0\plugins\ai_systems\webshell_probe,Unknown,Unknown
Go Module,N/A,e:\ReconX\Reconx_V_2.0.0\plugins\ai_systems\wechat,Unknown,Unknown
NodeJS Package,N/A,e:\ReconX\Reconx_V_2.0.0\plugins\ai_systems\workflow-logger,Unknown,Unknown
NodeJS Package,N/A,e:\ReconX\Reconx_V_2.0.0\plugins\api_security\activities,Unknown,Unknown
NodeJS Package,N/A,e:\ReconX\Reconx_V_2.0.0\plugins\api_security\agent-execution,Unknown,Unknown
NodeJS Package,N/A,e:\ReconX\Reconx_V_2.0.0\plugins\api_security\agents,Unknown,Unknown
Go Module,N/A,e:\ReconX\Reconx_V_2.0.0\plugins\api_security\agent_1,Unknown,Unknown
Go Module,N/A,e:\ReconX\Reconx_V_2.0.0\plugins\api_security\agent_test,Unknown,Unknown
NodeJS Package,N/A,e:\ReconX\Reconx_V_2.0.0\plugins\api_security\api,Unknown,Unknown
NodeJS Package,N/A,e:\ReconX\Reconx_V_2.0.0\plugins\api_security\api-discoverer-agent,Unknown,Unknown
NodeJS Package,N/A,e:\ReconX\Reconx_V_2.0.0\plugins\api_security\api-discovery,Unknown,Unknown
NodeJS Package,N/A,e:\ReconX\Reconx_V_2.0.0\plugins\api_security\api-discoverytest,Unknown,Unknown
NodeJS Package,N/A,e:\ReconX\Reconx_V_2.0.0\plugins\api_security\api-docs,Unknown,Unknown
NodeJS Package,N/A,e:\ReconX\Reconx_V_2.0.0\plugins\api_security\apitest,Unknown,Unknown
NodeJS Package,N/A,e:\ReconX\Reconx_V_2.0.0\plugins\api_security\app,Unknown,Unknown
Go Module,N/A,e:\ReconX\Reconx_V_2.0.0\plugins\api_security\app,Unknown,Unknown
NodeJS Package,N/A,e:\ReconX\Reconx_V_2.0.0\plugins\api_security\asvs-mapper,Unknown,Unknown
Go Module,N/A,e:\ReconX\Reconx_V_2.0.0\plugins\api_security\attackchain,Unknown,Unknown
NodeJS Package,N/A,e:\ReconX\Reconx_V_2.0.0\plugins\api_security\audit,Unknown,Unknown
Go Module,N/A,e:\ReconX\Reconx_V_2.0.0\plugins\api_security\audit,Unknown,Unknown
NodeJS Package,N/A,e:\ReconX\Reconx_V_2.0.0\plugins\api_security\audit-session,Unknown,Unknown
Go Module,N/A,e:\ReconX\Reconx_V_2.0.0\plugins\api_security\audit_1,Unknown,Unknown
NodeJS Package,N/A,e:\ReconX\Reconx_V_2.0.0\plugins\api_security\auth,Unknown,Unknown
NodeJS Package,N/A,e:\ReconX\Reconx_V_2.0.0\plugins\api_security\billing-detection,Unknown,Unknown
NodeJS Package,N/A,e:\ReconX\Reconx_V_2.0.0\plugins\api_security\business-logic-agent,Unknown,Unknown
Go Module,N/A,e:\ReconX\Reconx_V_2.0.0\plugins\api_security\c2_lifecycle,Unknown,Unknown
Go Module,N/A,e:\ReconX\Reconx_V_2.0.0\plugins\api_security\c2_tools,Unknown,Unknown
NodeJS Package,N/A,e:\ReconX\Reconx_V_2.0.0\plugins\api_security\chat-files,Unknown,Unknown
NodeJS Package,N/A,e:\ReconX\Reconx_V_2.0.0\plugins\api_security\checkpoint-manager,Unknown,Unknown
Go Module,N/A,e:\ReconX\Reconx_V_2.0.0\plugins\api_security\claude_bridge,Unknown,Unknown
Go Module,N/A,e:\ReconX\Reconx_V_2.0.0\plugins\api_security\client,Unknown,Unknown
Go Module,N/A,e:\ReconX\Reconx_V_2.0.0\plugins\api_security\config,Unknown,Unknown
NodeJS Package,N/A,e:\ReconX\Reconx_V_2.0.0\plugins\api_security\config-loader,Unknown,Unknown
Go Module,N/A,e:\ReconX\Reconx_V_2.0.0\plugins\api_security\config_2,Unknown,Unknown
Go Module,N/A,e:\ReconX\Reconx_V_2.0.0\plugins\api_security\conversation,Unknown,Unknown
NodeJS Package,N/A,e:\ReconX\Reconx_V_2.0.0\plugins\api_security\cors-probe-agent,Unknown,Unknown
NodeJS Package,N/A,e:\ReconX\Reconx_V_2.0.0\plugins\api_security\cortex,Unknown,Unknown
NodeJS Package,N/A,e:\ReconX\Reconx_V_2.0.0\plugins\api_security\cvss-calculator,Unknown,Unknown
NodeJS Package,N/A,e:\ReconX\Reconx_V_2.0.0\plugins\api_security\dark-matter,Unknown,Unknown
NodeJS Package,N/A,e:\ReconX\Reconx_V_2.0.0\plugins\api_security\dark-mattertest,Unknown,Unknown
NodeJS Package,N/A,e:\ReconX\Reconx_V_2.0.0\plugins\api_security\dashboard,Unknown,Unknown
NodeJS Package,N/A,e:\ReconX\Reconx_V_2.0.0\plugins\api_security\dashboard_2,Unknown,Unknown
Go Module,N/A,e:\ReconX\Reconx_V_2.0.0\plugins\api_security\datasrcs,Unknown,Unknown
Go Module,N/A,e:\ReconX\Reconx_V_2.0.0\plugins\api_security\default_single_system_prompt,Unknown,Unknown
NodeJS Package,N/A,e:\ReconX\Reconx_V_2.0.0\plugins\api_security\documentation-agent,Unknown,Unknown
Go Module,N/A,e:\ReconX\Reconx_V_2.0.0\plugins\api_security\doc_3,Unknown,Unknown
Go Module,N/A,e:\ReconX\Reconx_V_2.0.0\plugins\api_security\eino,Unknown,Unknown
Go Module,N/A,e:\ReconX\Reconx_V_2.0.0\plugins\api_security\eino_single_runner,Unknown,Unknown
Go Module,N/A,e:\ReconX\Reconx_V_2.0.0\plugins\api_security\eino_test,Unknown,Unknown
Go Module,N/A,e:\ReconX\Reconx_V_2.0.0\plugins\api_security\eino_transient_retry,Unknown,Unknown
Go Module,N/A,e:\ReconX\Reconx_V_2.0.0\plugins\api_security\eino_transient_retry_test,Unknown,Unknown
Go Module,N/A,e:\ReconX\Reconx_V_2.0.0\plugins\api_security\engineapi_test,Unknown,Unknown
Go Module,N/A,e:\ReconX\Reconx_V_2.0.0\plugins\api_security\envexpand_test,Unknown,Unknown
NodeJS Package,N/A,e:\ReconX\Reconx_V_2.0.0\plugins\api_security\error-handling,Unknown,Unknown
NodeJS Package,N/A,e:\ReconX\Reconx_V_2.0.0\plugins\api_security\ErrorPatternAnalyzertest,Unknown,Unknown
NodeJS Package,N/A,e:\ReconX\Reconx_V_2.0.0\plugins\api_security\errors,Unknown,Unknown
NodeJS Package,N/A,e:\ReconX\Reconx_V_2.0.0\plugins\api_security\express-scaffold,Unknown,Unknown
Go Module,N/A,e:\ReconX\Reconx_V_2.0.0\plugins\api_security\external_mcp_test,Unknown,Unknown
Go Module,N/A,e:\ReconX\Reconx_V_2.0.0\plugins\api_security\facebook,Unknown,Unknown
NodeJS Package,N/A,e:\ReconX\Reconx_V_2.0.0\plugins\api_security\feature-collector,Unknown,Unknown
Go Module,N/A,e:\ReconX\Reconx_V_2.0.0\plugins\api_security\hackertarget,Unknown,Unknown
NodeJS Package,N/A,e:\ReconX\Reconx_V_2.0.0\plugins\api_security\harness,Unknown,Unknown
NodeJS Package,N/A,e:\ReconX\Reconx_V_2.0.0\plugins\api_security\hitl,Unknown,Unknown
Go Module,N/A,e:\ReconX\Reconx_V_2.0.0\plugins\api_security\hitl,Unknown,Unknown
NodeJS Package,N/A,e:\ReconX\Reconx_V_2.0.0\plugins\api_security\HTTPMethodAnalyzertest,Unknown,Unknown
Go Module,N/A,e:\ReconX\Reconx_V_2.0.0\plugins\api_security\indexer,Unknown,Unknown
NodeJS Package,N/A,e:\ReconX\Reconx_V_2.0.0\plugins\api_security\index_1,Unknown,Unknown
NodeJS Package,N/A,e:\ReconX\Reconx_V_2.0.0\plugins\api_security\index_13,Unknown,Unknown
NodeJS Package,N/A,e:\ReconX\Reconx_V_2.0.0\plugins\api_security\index_17,Unknown,Unknown
NodeJS Package,N/A,e:\ReconX\Reconx_V_2.0.0\plugins\api_security\index_3,Unknown,Unknown
NodeJS Package,N/A,e:\ReconX\Reconx_V_2.0.0\plugins\api_security\inference,Unknown,Unknown
NodeJS Package,N/A,e:\ReconX\Reconx_V_2.0.0\plugins\api_security\inferencetest,Unknown,Unknown
NodeJS Package,N/A,e:\ReconX\Reconx_V_2.0.0\plugins\api_security\js-analysis,Unknown,Unknown
NodeJS Package,N/A,e:\ReconX\Reconx_V_2.0.0\plugins\api_security\knowledge,Unknown,Unknown
Go Module,N/A,e:\ReconX\Reconx_V_2.0.0\plugins\api_security\knowledge,Unknown,Unknown
Go Module,N/A,e:\ReconX\Reconx_V_2.0.0\plugins\api_security\lark,Unknown,Unknown
NodeJS Package,N/A,e:\ReconX\Reconx_V_2.0.0\plugins\api_security\llm-client,Unknown,Unknown
NodeJS Package,N/A,e:\ReconX\Reconx_V_2.0.0\plugins\api_security\llm-clienttest,Unknown,Unknown
NodeJS Package,N/A,e:\ReconX\Reconx_V_2.0.0\plugins\api_security\llm-clienttest_1,Unknown,Unknown
NodeJS Package,N/A,e:\ReconX\Reconx_V_2.0.0\plugins\api_security\llm-client_1,Unknown,Unknown
Go Module,N/A,e:\ReconX\Reconx_V_2.0.0\plugins\api_security\manager_2,Unknown,Unknown
Go Module,N/A,e:\ReconX\Reconx_V_2.0.0\plugins\api_security\markdown,Unknown,Unknown
Go Module,N/A,e:\ReconX\Reconx_V_2.0.0\plugins\api_security\markdown_agents,Unknown,Unknown
Go Module,N/A,e:\ReconX\Reconx_V_2.0.0\plugins\api_security\memory_compressor,Unknown,Unknown
NodeJS Package,N/A,e:\ReconX\Reconx_V_2.0.0\plugins\api_security\message-handlers,Unknown,Unknown
NodeJS Package,N/A,e:\ReconX\Reconx_V_2.0.0\plugins\api_security\metrics-tracker,Unknown,Unknown
NodeJS Package,N/A,e:\ReconX\Reconx_V_2.0.0\plugins\api_security\monitor,Unknown,Unknown
Go Module,N/A,e:\ReconX\Reconx_V_2.0.0\plugins\api_security\multi_agent,Unknown,Unknown
NodeJS Package,N/A,e:\ReconX\Reconx_V_2.0.0\plugins\api_security\notifications,Unknown,Unknown
Go Module,N/A,e:\ReconX\Reconx_V_2.0.0\plugins\api_security\no_nested_task,Unknown,Unknown
Go Module,N/A,e:\ReconX\Reconx_V_2.0.0\plugins\api_security\openai,Unknown,Unknown
NodeJS Package,N/A,e:\ReconX\Reconx_V_2.0.0\plugins\api_security\openapi-discovery-agent,Unknown,Unknown
Go Module,N/A,e:\ReconX\Reconx_V_2.0.0\plugins\api_security\openapi_i18n,Unknown,Unknown
Go Module,N/A,e:\ReconX\Reconx_V_2.0.0\plugins\api_security\orphan_tool_pruner_middleware,Unknown,Unknown
NodeJS Package,N/A,e:\ReconX\Reconx_V_2.0.0\plugins\api_security\persistencetest,Unknown,Unknown
NodeJS Package,N/A,e:\ReconX\Reconx_V_2.0.0\plugins\api_security\playwright-config-writer,Unknown,Unknown
NodeJS Package,N/A,e:\ReconX\Reconx_V_2.0.0\plugins\api_security\reactive-verifier,Unknown,Unknown
Go Module,N/A,e:\ReconX\Reconx_V_2.0.0\plugins\api_security\retrieval_postprocess,Unknown,Unknown
Go Module,N/A,e:\ReconX\Reconx_V_2.0.0\plugins\api_security\robot,Unknown,Unknown
NodeJS Package,N/A,e:\ReconX\Reconx_V_2.0.0\plugins\api_security\roles,Unknown,Unknown
NodeJS Package,N/A,e:\ReconX\Reconx_V_2.0.0\plugins\api_security\RunCommand,Unknown,Unknown
Go Module,N/A,e:\ReconX\Reconx_V_2.0.0\plugins\api_security\runner,Unknown,Unknown
Go Module,N/A,e:\ReconX\Reconx_V_2.0.0\plugins\api_security\sanitize,Unknown,Unknown
NodeJS Package,N/A,e:\ReconX\Reconx_V_2.0.0\plugins\api_security\schedulertest,Unknown,Unknown
NodeJS Package,N/A,e:\ReconX\Reconx_V_2.0.0\plugins\api_security\schema-gen-agent,Unknown,Unknown
NodeJS Package,N/A,e:\ReconX\Reconx_V_2.0.0\plugins\api_security\SecurityHeaderAnalyzertest,Unknown,Unknown
Go Module,N/A,e:\ReconX\Reconx_V_2.0.0\plugins\api_security\server,Unknown,Unknown
Go Module,N/A,e:\ReconX\Reconx_V_2.0.0\plugins\api_security\service,Unknown,Unknown
NodeJS Package,N/A,e:\ReconX\Reconx_V_2.0.0\plugins\api_security\settings,Unknown,Unknown
NodeJS Package,N/A,e:\ReconX\Reconx_V_2.0.0\plugins\api_security\shared,Unknown,Unknown
NodeJS Package,N/A,e:\ReconX\Reconx_V_2.0.0\plugins\api_security\sitemap-agent,Unknown,Unknown
NodeJS Package,N/A,e:\ReconX\Reconx_V_2.0.0\plugins\api_security\skills,Unknown,Unknown
NodeJS Package,N/A,e:\ReconX\Reconx_V_2.0.0\plugins\api_security\source-gen-agent,Unknown,Unknown
Go Module,N/A,e:\ReconX\Reconx_V_2.0.0\plugins\api_security\sub_agent_context,Unknown,Unknown
Go Module,N/A,e:\ReconX\Reconx_V_2.0.0\plugins\api_security\sub_agent_context_test,Unknown,Unknown
NodeJS Package,N/A,e:\ReconX\Reconx_V_2.0.0\plugins\api_security\tasks,Unknown,Unknown
NodeJS Package,N/A,e:\ReconX\Reconx_V_2.0.0\plugins\api_security\terminal,Unknown,Unknown
NodeJS Package,N/A,e:\ReconX\Reconx_V_2.0.0\plugins\api_security\test-cortex-integration,Unknown,Unknown
NodeJS Package,N/A,e:\ReconX\Reconx_V_2.0.0\plugins\api_security\test-gen-agent,Unknown,Unknown
Go Module,N/A,e:\ReconX\Reconx_V_2.0.0\plugins\api_security\truncate,Unknown,Unknown
NodeJS Package,N/A,e:\ReconX\Reconx_V_2.0.0\plugins\api_security\types,Unknown,Unknown
Go Module,N/A,e:\ReconX\Reconx_V_2.0.0\plugins\api_security\types,Unknown,Unknown
Go Module,N/A,e:\ReconX\Reconx_V_2.0.0\plugins\api_security\urlscan,Unknown,Unknown
Go Module,N/A,e:\ReconX\Reconx_V_2.0.0\plugins\api_security\utils_2,Unknown,Unknown
NodeJS Package,N/A,e:\ReconX\Reconx_V_2.0.0\plugins\api_security\validate-authentication,Unknown,Unknown
NodeJS Package,N/A,e:\ReconX\Reconx_V_2.0.0\plugins\api_security\vulnerability,Unknown,Unknown
Go Module,N/A,e:\ReconX\Reconx_V_2.0.0\plugins\api_security\webshell,Unknown,Unknown
NodeJS Package,N/A,e:\ReconX\Reconx_V_2.0.0\plugins\api_security\wechat-robot,Unknown,Unknown
Go Module,N/A,e:\ReconX\Reconx_V_2.0.0\plugins\api_security\wechat_robot,Unknown,Unknown
NodeJS Package,N/A,e:\ReconX\Reconx_V_2.0.0\plugins\api_security\workflow-errors,Unknown,Unknown
NodeJS Package,N/A,e:\ReconX\Reconx_V_2.0.0\plugins\api_security\workflows,Unknown,Unknown
NodeJS Package,N/A,e:\ReconX\Reconx_V_2.0.0\plugins\api_security\writer,Unknown,Unknown
NodeJS Package,N/A,e:\ReconX\Reconx_V_2.0.0\plugins\burp\mcp_integrations\builtin-tools,Unknown,Unknown
Go Module,N/A,e:\ReconX\Reconx_V_2.0.0\plugins\burp\mcp_integrations\constants,Unknown,Unknown
Go Module,N/A,e:\ReconX\Reconx_V_2.0.0\plugins\burp\mcp_integrations\main,Unknown,Unknown
Go Module,N/A,e:\ReconX\Reconx_V_2.0.0\plugins\burp\mcp_integrations\mcp_tools_test,Unknown,Unknown
Go Module,N/A,e:\ReconX\Reconx_V_2.0.0\plugins\burp\mcp_integrations\monitor_1,Unknown,Unknown
Go Module,N/A,e:\ReconX\Reconx_V_2.0.0\plugins\burp\mcp_integrations\options,Unknown,Unknown
Go Module,N/A,e:\ReconX\Reconx_V_2.0.0\plugins\burp\mcp_integrations\sse_keepalive,Unknown,Unknown
NodeJS Package,N/A,e:\ReconX\Reconx_V_2.0.0\plugins\cloud_security\build,Unknown,Unknown
NodeJS Package,N/A,e:\ReconX\Reconx_V_2.0.0\plugins\cloud_security\chat,Unknown,Unknown
NodeJS Package,N/A,e:\ReconX\Reconx_V_2.0.0\plugins\cloud_security\claude-executor,Unknown,Unknown
NodeJS Package,N/A,e:\ReconX\Reconx_V_2.0.0\plugins\cloud_security\docker,Unknown,Unknown
Go Module,N/A,e:\ReconX\Reconx_V_2.0.0\plugins\cloud_security\embedder,Unknown,Unknown
NodeJS Package,N/A,e:\ReconX\Reconx_V_2.0.0\plugins\cloud_security\env,Unknown,Unknown
Go Module,N/A,e:\ReconX\Reconx_V_2.0.0\plugins\cloud_security\executor_test,Unknown,Unknown
NodeJS Package,N/A,e:\ReconX\Reconx_V_2.0.0\plugins\cloud_security\fingerprinter,Unknown,Unknown
NodeJS Package,N/A,e:\ReconX\Reconx_V_2.0.0\plugins\cloud_security\fingerprintertest,Unknown,Unknown
NodeJS Package,N/A,e:\ReconX\Reconx_V_2.0.0\plugins\cloud_security\index,Unknown,Unknown
NodeJS Package,N/A,e:\ReconX\Reconx_V_2.0.0\plugins\cloud_security\js-harvester-agent,Unknown,Unknown
Go Module,N/A,e:\ReconX\Reconx_V_2.0.0\plugins\cloud_security\main_13,Unknown,Unknown
NodeJS Package,N/A,e:\ReconX\Reconx_V_2.0.0\plugins\cloud_security\misconfig-detector,Unknown,Unknown
NodeJS Package,N/A,e:\ReconX\Reconx_V_2.0.0\plugins\cloud_security\misconfigtest,Unknown,Unknown
NodeJS Package,N/A,e:\ReconX\Reconx_V_2.0.0\plugins\cloud_security\mode,Unknown,Unknown
NodeJS Package,N/A,e:\ReconX\Reconx_V_2.0.0\plugins\cloud_security\resolver,Unknown,Unknown
NodeJS Package,N/A,e:\ReconX\Reconx_V_2.0.0\plugins\cloud_security\secret-scanner-agent,Unknown,Unknown
NodeJS Package,N/A,e:\ReconX\Reconx_V_2.0.0\plugins\cloud_security\setup,Unknown,Unknown
NodeJS Package,N/A,e:\ReconX\Reconx_V_2.0.0\plugins\cloud_security\status,Unknown,Unknown
NodeJS Package,N/A,e:\ReconX\Reconx_V_2.0.0\plugins\cloud_security\stop,Unknown,Unknown
Go Module,N/A,e:\ReconX\Reconx_V_2.0.0\plugins\cloud_security\tcp_beacon_server,Unknown,Unknown
NodeJS Package,N/A,e:\ReconX\Reconx_V_2.0.0\plugins\cloud_security\uninstall,Unknown,Unknown
NodeJS Package,N/A,e:\ReconX\Reconx_V_2.0.0\plugins\cloud_security\waf-detector-agent,Unknown,Unknown
NodeJS Package,N/A,e:\ReconX\Reconx_V_2.0.0\plugins\cloud_security\workspaces,Unknown,Unknown
NodeJS Package,N/A,e:\ReconX\Reconx_V_2.0.0\plugins\exploitation\agents,Unknown,Unknown
Go Module,N/A,e:\ReconX\Reconx_V_2.0.0\plugins\exploitation\attackchain_1,Unknown,Unknown
NodeJS Package,N/A,e:\ReconX\Reconx_V_2.0.0\plugins\exploitation\checkpoint-provider,Unknown,Unknown
NodeJS Package,N/A,e:\ReconX\Reconx_V_2.0.0\plugins\exploitation\concurrency,Unknown,Unknown
NodeJS Package,N/A,e:\ReconX\Reconx_V_2.0.0\plugins\exploitation\constants,Unknown,Unknown
NodeJS Package,N/A,e:\ReconX\Reconx_V_2.0.0\plugins\exploitation\container,Unknown,Unknown
Go Module,N/A,e:\ReconX\Reconx_V_2.0.0\plugins\exploitation\conversation_1,Unknown,Unknown
Go Module,N/A,e:\ReconX\Reconx_V_2.0.0\plugins\exploitation\database,Unknown,Unknown
Go Module,N/A,e:\ReconX\Reconx_V_2.0.0\plugins\exploitation\db_1,Unknown,Unknown
Go Module,N/A,e:\ReconX\Reconx_V_2.0.0\plugins\exploitation\db_test,Unknown,Unknown
NodeJS Package,N/A,e:\ReconX\Reconx_V_2.0.0\plugins\exploitation\deliverables,Unknown,Unknown
Go Module,N/A,e:\ReconX\Reconx_V_2.0.0\plugins\exploitation\eino_adk_run_loop,Unknown,Unknown
Go Module,N/A,e:\ReconX\Reconx_V_2.0.0\plugins\exploitation\eino_meta_test,Unknown,Unknown
Go Module,N/A,e:\ReconX\Reconx_V_2.0.0\plugins\exploitation\eino_retriever_adapter,Unknown,Unknown
Go Module,N/A,e:\ReconX\Reconx_V_2.0.0\plugins\exploitation\eino_retrieve_chain,Unknown,Unknown
Go Module,N/A,e:\ReconX\Reconx_V_2.0.0\plugins\exploitation\eino_sqlite_indexer,Unknown,Unknown
NodeJS Package,N/A,e:\ReconX\Reconx_V_2.0.0\plugins\exploitation\endpoint-prober,Unknown,Unknown
NodeJS Package,N/A,e:\ReconX\Reconx_V_2.0.0\plugins\exploitation\ErrorPatternAnalyzer,Unknown,Unknown
NodeJS Package,N/A,e:\ReconX\Reconx_V_2.0.0\plugins\exploitation\exploitation-checker,Unknown,Unknown
NodeJS Package,N/A,e:\ReconX\Reconx_V_2.0.0\plugins\exploitation\export-metrics,Unknown,Unknown
NodeJS Package,N/A,e:\ReconX\Reconx_V_2.0.0\plugins\exploitation\findings-provider,Unknown,Unknown
NodeJS Package,N/A,e:\ReconX\Reconx_V_2.0.0\plugins\exploitation\findings-renderer,Unknown,Unknown
NodeJS Package,N/A,e:\ReconX\Reconx_V_2.0.0\plugins\exploitation\index_3,Unknown,Unknown
Go Module,N/A,e:\ReconX\Reconx_V_2.0.0\plugins\exploitation\index_pipeline,Unknown,Unknown
Go Module,N/A,e:\ReconX\Reconx_V_2.0.0\plugins\exploitation\listener_http_test,Unknown,Unknown
Go Module,N/A,e:\ReconX\Reconx_V_2.0.0\plugins\exploitation\manager,Unknown,Unknown
Go Module,N/A,e:\ReconX\Reconx_V_2.0.0\plugins\exploitation\manager_start_test,Unknown,Unknown
NodeJS Package,N/A,e:\ReconX\Reconx_V_2.0.0\plugins\exploitation\metrics-tracker,Unknown,Unknown
NodeJS Package,N/A,e:\ReconX\Reconx_V_2.0.0\plugins\exploitation\net-recon-agent,Unknown,Unknown
Go Module,N/A,e:\ReconX\Reconx_V_2.0.0\plugins\exploitation\notification,Unknown,Unknown
NodeJS Package,N/A,e:\ReconX\Reconx_V_2.0.0\plugins\exploitation\output-formatter,Unknown,Unknown
NodeJS Package,N/A,e:\ReconX\Reconx_V_2.0.0\plugins\exploitation\output-formatters,Unknown,Unknown
NodeJS Package,N/A,e:\ReconX\Reconx_V_2.0.0\plugins\exploitation\pipeline,Unknown,Unknown
NodeJS Package,N/A,e:\ReconX\Reconx_V_2.0.0\plugins\exploitation\queue-schemas,Unknown,Unknown
NodeJS Package,N/A,e:\ReconX\Reconx_V_2.0.0\plugins\exploitation\queue-validation,Unknown,Unknown
NodeJS Package,N/A,e:\ReconX\Reconx_V_2.0.0\plugins\exploitation\report-generator,Unknown,Unknown
NodeJS Package,N/A,e:\ReconX\Reconx_V_2.0.0\plugins\exploitation\reporting,Unknown,Unknown
Go Module,N/A,e:\ReconX\Reconx_V_2.0.0\plugins\exploitation\retriever,Unknown,Unknown
Go Module,N/A,e:\ReconX\Reconx_V_2.0.0\plugins\exploitation\schema_migrate,Unknown,Unknown
NodeJS Package,N/A,e:\ReconX\Reconx_V_2.0.0\plugins\exploitation\session-manager,Unknown,Unknown
NodeJS Package,N/A,e:\ReconX\Reconx_V_2.0.0\plugins\exploitation\settings-writer,Unknown,Unknown
NodeJS Package,N/A,e:\ReconX\Reconx_V_2.0.0\plugins\exploitation\tls-analyzer,Unknown,Unknown
Go Module,N/A,e:\ReconX\Reconx_V_2.0.0\plugins\exploitation\tool,Unknown,Unknown
Go Module,N/A,e:\ReconX\Reconx_V_2.0.0\plugins\exploitation\types_5,Unknown,Unknown
NodeJS Package,N/A,e:\ReconX\Reconx_V_2.0.0\plugins\exploitation\vuln-mapper,Unknown,Unknown
NodeJS Package,N/A,e:\ReconX\Reconx_V_2.0.0\plugins\exploitation\vuln-mappertest,Unknown,Unknown
NodeJS Package,N/A,e:\ReconX\Reconx_V_2.0.0\plugins\exploitation\worker,Unknown,Unknown
Go Module,N/A,e:\ReconX\Reconx_V_2.0.0\plugins\infrastructure\active,Unknown,Unknown
Go Module,N/A,e:\ReconX\Reconx_V_2.0.0\plugins\infrastructure\active_test,Unknown,Unknown
Go Module,N/A,e:\ReconX\Reconx_V_2.0.0\plugins\infrastructure\auth,Unknown,Unknown
Go Module,N/A,e:\ReconX\Reconx_V_2.0.0\plugins\infrastructure\auth_manager,Unknown,Unknown
Go Module,N/A,e:\ReconX\Reconx_V_2.0.0\plugins\infrastructure\beacon_host,Unknown,Unknown
Go Module,N/A,e:\ReconX\Reconx_V_2.0.0\plugins\infrastructure\brute,Unknown,Unknown
Go Module,N/A,e:\ReconX\Reconx_V_2.0.0\plugins\infrastructure\brute_test,Unknown,Unknown
Go Module,N/A,e:\ReconX\Reconx_V_2.0.0\plugins\infrastructure\cgo_specific,Unknown,Unknown
Go Module,N/A,e:\ReconX\Reconx_V_2.0.0\plugins\infrastructure\client_2,Unknown,Unknown
Go Module,N/A,e:\ReconX\Reconx_V_2.0.0\plugins\infrastructure\client_sdk,Unknown,Unknown
Go Module,N/A,e:\ReconX\Reconx_V_2.0.0\plugins\infrastructure\datasrcs_test,Unknown,Unknown
Go Module,N/A,e:\ReconX\Reconx_V_2.0.0\plugins\infrastructure\eino_retrieve_chain_test,Unknown,Unknown
Go Module,N/A,e:\ReconX\Reconx_V_2.0.0\plugins\infrastructure\envexpand,Unknown,Unknown
NodeJS Package,N/A,e:\ReconX\Reconx_V_2.0.0\plugins\infrastructure\error,Unknown,Unknown
NodeJS Package,N/A,e:\ReconX\Reconx_V_2.0.0\plugins\infrastructure\eslintconfig,Unknown,Unknown
Go Module,N/A,e:\ReconX\Reconx_V_2.0.0\plugins\infrastructure\external_manager,Unknown,Unknown
Go Module,N/A,e:\ReconX\Reconx_V_2.0.0\plugins\infrastructure\external_manager_test,Unknown,Unknown
Go Module,N/A,e:\ReconX\Reconx_V_2.0.0\plugins\infrastructure\external_mcp,Unknown,Unknown
NodeJS Package,N/A,e:\ReconX\Reconx_V_2.0.0\plugins\infrastructure\generate-totp,Unknown,Unknown
NodeJS Package,N/A,e:\ReconX\Reconx_V_2.0.0\plugins\infrastructure\home,Unknown,Unknown
NodeJS Package,N/A,e:\ReconX\Reconx_V_2.0.0\plugins\infrastructure\index_14,Unknown,Unknown
NodeJS Package,N/A,e:\ReconX\Reconx_V_2.0.0\plugins\infrastructure\index_7,Unknown,Unknown
Go Module,N/A,e:\ReconX\Reconx_V_2.0.0\plugins\infrastructure\logger,Unknown,Unknown
Go Module,N/A,e:\ReconX\Reconx_V_2.0.0\plugins\infrastructure\main_14,Unknown,Unknown
Go Module,N/A,e:\ReconX\Reconx_V_2.0.0\plugins\infrastructure\main_15,Unknown,Unknown
Go Module,N/A,e:\ReconX\Reconx_V_2.0.0\plugins\infrastructure\main_server_http_redirect,Unknown,Unknown
Go Module,N/A,e:\ReconX\Reconx_V_2.0.0\plugins\infrastructure\main_server_http_redirect_test,Unknown,Unknown
Go Module,N/A,e:\ReconX\Reconx_V_2.0.0\plugins\infrastructure\meta,Unknown,Unknown
NodeJS Package,N/A,e:\ReconX\Reconx_V_2.0.0\plugins\infrastructure\paths,Unknown,Unknown
NodeJS Package,N/A,e:\ReconX\Reconx_V_2.0.0\plugins\infrastructure\resiliencetest,Unknown,Unknown
Go Module,N/A,e:\ReconX\Reconx_V_2.0.0\plugins\infrastructure\resolvers_test,Unknown,Unknown
Go Module,N/A,e:\ReconX\Reconx_V_2.0.0\plugins\infrastructure\resources,Unknown,Unknown
Go Module,N/A,e:\ReconX\Reconx_V_2.0.0\plugins\infrastructure\retrieval_postprocess_test,Unknown,Unknown
Go Module,N/A,e:\ReconX\Reconx_V_2.0.0\plugins\infrastructure\rigid,Unknown,Unknown
Go Module,N/A,e:\ReconX\Reconx_V_2.0.0\plugins\infrastructure\rigid_test,Unknown,Unknown
NodeJS Package,N/A,e:\ReconX\Reconx_V_2.0.0\plugins\infrastructure\save-deliverable,Unknown,Unknown
Go Module,N/A,e:\ReconX\Reconx_V_2.0.0\plugins\infrastructure\server_https_bootstrap,Unknown,Unknown
Go Module,N/A,e:\ReconX\Reconx_V_2.0.0\plugins\infrastructure\terminal,Unknown,Unknown
Go Module,N/A,e:\ReconX\Reconx_V_2.0.0\plugins\infrastructure\terminal_ws_unix,Unknown,Unknown
Go Module,N/A,e:\ReconX\Reconx_V_2.0.0\plugins\infrastructure\wordlist,Unknown,Unknown
Go Module,N/A,e:\ReconX\Reconx_V_2.0.0\plugins\infrastructure\wordlist_test,Unknown,Unknown
NodeJS Package,N/A,e:\ReconX\Reconx_V_2.0.0\plugins\intelligence\correlation\activity-logger,Unknown,Unknown
NodeJS Package,N/A,e:\ReconX\Reconx_V_2.0.0\plugins\intelligence\correlation\activity-logger_1,Unknown,Unknown
NodeJS Package,N/A,e:\ReconX\Reconx_V_2.0.0\plugins\intelligence\correlation\domain-profiler,Unknown,Unknown
NodeJS Package,N/A,e:\ReconX\Reconx_V_2.0.0\plugins\intelligence\correlation\error-formatter,Unknown,Unknown
NodeJS Package,N/A,e:\ReconX\Reconx_V_2.0.0\plugins\intelligence\correlation\file-io,Unknown,Unknown
NodeJS Package,N/A,e:\ReconX\Reconx_V_2.0.0\plugins\intelligence\correlation\file-operations,Unknown,Unknown
NodeJS Package,N/A,e:\ReconX\Reconx_V_2.0.0\plugins\intelligence\correlation\glob,Unknown,Unknown
NodeJS Package,N/A,e:\ReconX\Reconx_V_2.0.0\plugins\intelligence\correlation\index_1,Unknown,Unknown
NodeJS Package,N/A,e:\ReconX\Reconx_V_2.0.0\plugins\intelligence\correlation\input-validator,Unknown,Unknown
NodeJS Package,N/A,e:\ReconX\Reconx_V_2.0.0\plugins\intelligence\correlation\metrics_1,Unknown,Unknown
NodeJS Package,N/A,e:\ReconX\Reconx_V_2.0.0\plugins\intelligence\correlation\progress-indicator,Unknown,Unknown
NodeJS Package,N/A,e:\ReconX\Reconx_V_2.0.0\plugins\intelligence\correlation\totp-validator,Unknown,Unknown
Go Module,N/A,e:\ReconX\Reconx_V_2.0.0\plugins\orchestration\eino_meta,Unknown,Unknown
NodeJS Package,N/A,e:\ReconX\Reconx_V_2.0.0\plugins\orchestration\execution-runner,Unknown,Unknown
NodeJS Package,N/A,e:\ReconX\Reconx_V_2.0.0\plugins\orchestration\functional,Unknown,Unknown
NodeJS Package,N/A,e:\ReconX\Reconx_V_2.0.0\plugins\orchestration\health-monitor,Unknown,Unknown
NodeJS Package,N/A,e:\ReconX\Reconx_V_2.0.0\plugins\orchestration\index_2,Unknown,Unknown
Go Module,N/A,e:\ReconX\Reconx_V_2.0.0\plugins\orchestration\logger_1,Unknown,Unknown
NodeJS Package,N/A,e:\ReconX\Reconx_V_2.0.0\plugins\orchestration\meta-cognition,Unknown,Unknown
NodeJS Package,N/A,e:\ReconX\Reconx_V_2.0.0\plugins\orchestration\queue-validator,Unknown,Unknown
Go Module,N/A,e:\ReconX\Reconx_V_2.0.0\plugins\orchestration\vulnerability_1,Unknown,Unknown
NodeJS Package,N/A,e:\ReconX\Reconx_V_2.0.0\plugins\osint\environment,Unknown,Unknown
Go Module,N/A,e:\ReconX\Reconx_V_2.0.0\plugins\osint\privacy_detect,Unknown,Unknown
NodeJS Package,N/A,e:\ReconX\Reconx_V_2.0.0\plugins\osint\prompt-manager,Unknown,Unknown
NodeJS Package,N/A,e:\ReconX\Reconx_V_2.0.0\plugins\osint\splash-screen,Unknown,Unknown
NodeJS Package,N/A,e:\ReconX\Reconx_V_2.0.0\plugins\plugin_systems\arbiter,Unknown,Unknown
NodeJS Package,N/A,e:\ReconX\Reconx_V_2.0.0\plugins\plugin_systems\auth_2,Unknown,Unknown
NodeJS Package,N/A,e:\ReconX\Reconx_V_2.0.0\plugins\plugin_systems\index_15,Unknown,Unknown
NodeJS Package,N/A,e:\ReconX\Reconx_V_2.0.0\plugins\plugin_systems\index_16,Unknown,Unknown
NodeJS Package,N/A,e:\ReconX\Reconx_V_2.0.0\plugins\plugin_systems\model-registry,Unknown,Unknown
NodeJS Package,N/A,e:\ReconX\Reconx_V_2.0.0\plugins\recon\active-crawl,Unknown,Unknown
Go Module,N/A,e:\ReconX\Reconx_V_2.0.0\plugins\recon\addr,Unknown,Unknown
Go Module,N/A,e:\ReconX\Reconx_V_2.0.0\plugins\recon\agent,Unknown,Unknown
Go Module,N/A,e:\ReconX\Reconx_V_2.0.0\plugins\recon\agent_3,Unknown,Unknown
Go Module,N/A,e:\ReconX\Reconx_V_2.0.0\plugins\recon\alienvault,Unknown,Unknown
Go Module,N/A,e:\ReconX\Reconx_V_2.0.0\plugins\recon\alterations,Unknown,Unknown
Go Module,N/A,e:\ReconX\Reconx_V_2.0.0\plugins\recon\anubis,Unknown,Unknown
Go Module,N/A,e:\ReconX\Reconx_V_2.0.0\plugins\recon\apex,Unknown,Unknown
NodeJS Package,N/A,e:\ReconX\Reconx_V_2.0.0\plugins\recon\architect-infer-agent,Unknown,Unknown
Go Module,N/A,e:\ReconX\Reconx_V_2.0.0\plugins\recon\asncache,Unknown,Unknown
Go Module,N/A,e:\ReconX\Reconx_V_2.0.0\plugins\recon\assets,Unknown,Unknown
Go Module,N/A,e:\ReconX\Reconx_V_2.0.0\plugins\recon\assets_test,Unknown,Unknown
Go Module,N/A,e:\ReconX\Reconx_V_2.0.0\plugins\recon\asset_decode,Unknown,Unknown
Go Module,N/A,e:\ReconX\Reconx_V_2.0.0\plugins\recon\assoc,Unknown,Unknown
NodeJS Package,N/A,e:\ReconX\Reconx_V_2.0.0\plugins\recon\auth-flow-analyzer,Unknown,Unknown
Go Module,N/A,e:\ReconX\Reconx_V_2.0.0\plugins\recon\autnum,Unknown,Unknown
Go Module,N/A,e:\ReconX\Reconx_V_2.0.0\plugins\recon\autsys,Unknown,Unknown
Go Module,N/A,e:\ReconX\Reconx_V_2.0.0\plugins\recon\autsys_1,Unknown,Unknown
Go Module,N/A,e:\ReconX\Reconx_V_2.0.0\plugins\recon\backlog,Unknown,Unknown
Go Module,N/A,e:\ReconX\Reconx_V_2.0.0\plugins\recon\backlog_1,Unknown,Unknown
Go Module,N/A,e:\ReconX\Reconx_V_2.0.0\plugins\recon\backlog_test,Unknown,Unknown
Go Module,N/A,e:\ReconX\Reconx_V_2.0.0\plugins\recon\banners,Unknown,Unknown
Go Module,N/A,e:\ReconX\Reconx_V_2.0.0\plugins\recon\banner_url,Unknown,Unknown
Go Module,N/A,e:\ReconX\Reconx_V_2.0.0\plugins\recon\bevigil,Unknown,Unknown
Go Module,N/A,e:\ReconX\Reconx_V_2.0.0\plugins\recon\binaryedge,Unknown,Unknown
Go Module,N/A,e:\ReconX\Reconx_V_2.0.0\plugins\recon\bing,Unknown,Unknown
NodeJS Package,N/A,e:\ReconX\Reconx_V_2.0.0\plugins\recon\blackbox-config-agent,Unknown,Unknown
Go Module,N/A,e:\ReconX\Reconx_V_2.0.0\plugins\recon\blacklist_test,Unknown,Unknown
NodeJS Package,N/A,e:\ReconX\Reconx_V_2.0.0\plugins\recon\browser-crawler-agent,Unknown,Unknown
Go Module,N/A,e:\ReconX\Reconx_V_2.0.0\plugins\recon\bufferover,Unknown,Unknown
Go Module,N/A,e:\ReconX\Reconx_V_2.0.0\plugins\recon\bufferoverrun,Unknown,Unknown
Go Module,N/A,e:\ReconX\Reconx_V_2.0.0\plugins\recon\builder,Unknown,Unknown
Go Module,N/A,e:\ReconX\Reconx_V_2.0.0\plugins\recon\builtwith,Unknown,Unknown
Go Module,N/A,e:\ReconX\Reconx_V_2.0.0\plugins\recon\c2_1,Unknown,Unknown
Go Module,N/A,e:\ReconX\Reconx_V_2.0.0\plugins\recon\c99,Unknown,Unknown
Go Module,N/A,e:\ReconX\Reconx_V_2.0.0\plugins\recon\censys,Unknown,Unknown
Go Module,N/A,e:\ReconX\Reconx_V_2.0.0\plugins\recon\censys_test,Unknown,Unknown
Go Module,N/A,e:\ReconX\Reconx_V_2.0.0\plugins\recon\certspotter,Unknown,Unknown
Go Module,N/A,e:\ReconX\Reconx_V_2.0.0\plugins\recon\certspotter_2,Unknown,Unknown
Go Module,N/A,e:\ReconX\Reconx_V_2.0.0\plugins\recon\chaos,Unknown,Unknown
Go Module,N/A,e:\ReconX\Reconx_V_2.0.0\plugins\recon\chaos_2,Unknown,Unknown
Go Module,N/A,e:\ReconX\Reconx_V_2.0.0\plugins\recon\chinaz,Unknown,Unknown
Go Module,N/A,e:\ReconX\Reconx_V_2.0.0\plugins\recon\claims,Unknown,Unknown
Go Module,N/A,e:\ReconX\Reconx_V_2.0.0\plugins\recon\cli,Unknown,Unknown
Go Module,N/A,e:\ReconX\Reconx_V_2.0.0\plugins\recon\client_1,Unknown,Unknown
Go Module,N/A,e:\ReconX\Reconx_V_2.0.0\plugins\recon\client_4,Unknown,Unknown
NodeJS Package,N/A,e:\ReconX\Reconx_V_2.0.0\plugins\recon\clitest,Unknown,Unknown
Go Module,N/A,e:\ReconX\Reconx_V_2.0.0\plugins\recon\cli_1,Unknown,Unknown
Go Module,N/A,e:\ReconX\Reconx_V_2.0.0\plugins\recon\cli_2,Unknown,Unknown
Go Module,N/A,e:\ReconX\Reconx_V_2.0.0\plugins\recon\cli_3,Unknown,Unknown
Go Module,N/A,e:\ReconX\Reconx_V_2.0.0\plugins\recon\cli_4,Unknown,Unknown
Go Module,N/A,e:\ReconX\Reconx_V_2.0.0\plugins\recon\cli_5,Unknown,Unknown
Go Module,N/A,e:\ReconX\Reconx_V_2.0.0\plugins\recon\cname,Unknown,Unknown
Go Module,N/A,e:\ReconX\Reconx_V_2.0.0\plugins\recon\commoncrawl,Unknown,Unknown
Go Module,N/A,e:\ReconX\Reconx_V_2.0.0\plugins\recon\company_enrich,Unknown,Unknown
Go Module,N/A,e:\ReconX\Reconx_V_2.0.0\plugins\recon\company_rounds,Unknown,Unknown
Go Module,N/A,e:\ReconX\Reconx_V_2.0.0\plugins\recon\company_search,Unknown,Unknown
NodeJS Package,N/A,e:\ReconX\Reconx_V_2.0.0\plugins\recon\config,Unknown,Unknown
NodeJS Package,N/A,e:\ReconX\Reconx_V_2.0.0\plugins\recon\config-parser,Unknown,Unknown
NodeJS Package,N/A,e:\ReconX\Reconx_V_2.0.0\plugins\recon\configtest,Unknown,Unknown
Go Module,N/A,e:\ReconX\Reconx_V_2.0.0\plugins\recon\config_1,Unknown,Unknown
Go Module,N/A,e:\ReconX\Reconx_V_2.0.0\plugins\recon\config_4,Unknown,Unknown
Go Module,N/A,e:\ReconX\Reconx_V_2.0.0\plugins\recon\contact,Unknown,Unknown
NodeJS Package,N/A,e:\ReconX\Reconx_V_2.0.0\plugins\recon\content-discovery-agent,Unknown,Unknown
NodeJS Package,N/A,e:\ReconX\Reconx_V_2.0.0\plugins\recon\crawler-agent,Unknown,Unknown
Go Module,N/A,e:\ReconX\Reconx_V_2.0.0\plugins\recon\crtsh_1,Unknown,Unknown
Go Module,N/A,e:\ReconX\Reconx_V_2.0.0\plugins\recon\crtsh_3,Unknown,Unknown
NodeJS Package,N/A,e:\ReconX\Reconx_V_2.0.0\plugins\recon\data-flow-mapper,Unknown,Unknown
Go Module,N/A,e:\ReconX\Reconx_V_2.0.0\plugins\recon\database_1,Unknown,Unknown
Go Module,N/A,e:\ReconX\Reconx_V_2.0.0\plugins\recon\digitalyama,Unknown,Unknown
Go Module,N/A,e:\ReconX\Reconx_V_2.0.0\plugins\recon\digitorus,Unknown,Unknown
Go Module,N/A,e:\ReconX\Reconx_V_2.0.0\plugins\recon\dispatch,Unknown,Unknown
Go Module,N/A,e:\ReconX\Reconx_V_2.0.0\plugins\recon\dispatcher,Unknown,Unknown
Go Module,N/A,e:\ReconX\Reconx_V_2.0.0\plugins\recon\dns,Unknown,Unknown
Go Module,N/A,e:\ReconX\Reconx_V_2.0.0\plugins\recon\dnsdb,Unknown,Unknown
Go Module,N/A,e:\ReconX\Reconx_V_2.0.0\plugins\recon\dnsdumpster,Unknown,Unknown
Go Module,N/A,e:\ReconX\Reconx_V_2.0.0\plugins\recon\dnshistory,Unknown,Unknown
Go Module,N/A,e:\ReconX\Reconx_V_2.0.0\plugins\recon\dnsrepo,Unknown,Unknown
Go Module,N/A,e:\ReconX\Reconx_V_2.0.0\plugins\recon\dnsrepo_2,Unknown,Unknown
Go Module,N/A,e:\ReconX\Reconx_V_2.0.0\plugins\recon\dns_test,Unknown,Unknown
Go Module,N/A,e:\ReconX\Reconx_V_2.0.0\plugins\recon\doc,Unknown,Unknown
Go Module,N/A,e:\ReconX\Reconx_V_2.0.0\plugins\recon\docs,Unknown,Unknown
Go Module,N/A,e:\ReconX\Reconx_V_2.0.0\plugins\recon\docs_1,Unknown,Unknown
Go Module,N/A,e:\ReconX\Reconx_V_2.0.0\plugins\recon\doc_1,Unknown,Unknown
Go Module,N/A,e:\ReconX\Reconx_V_2.0.0\plugins\recon\doc_2,Unknown,Unknown
Go Module,N/A,e:\ReconX\Reconx_V_2.0.0\plugins\recon\domains,Unknown,Unknown
Go Module,N/A,e:\ReconX\Reconx_V_2.0.0\plugins\recon\domainsproject,Unknown,Unknown
Go Module,N/A,e:\ReconX\Reconx_V_2.0.0\plugins\recon\domain_record,Unknown,Unknown
Go Module,N/A,e:\ReconX\Reconx_V_2.0.0\plugins\recon\dot,Unknown,Unknown
Go Module,N/A,e:\ReconX\Reconx_V_2.0.0\plugins\recon\dot_test,Unknown,Unknown
Go Module,N/A,e:\ReconX\Reconx_V_2.0.0\plugins\recon\driftnet,Unknown,Unknown
Go Module,N/A,e:\ReconX\Reconx_V_2.0.0\plugins\recon\duckduckgo,Unknown,Unknown
Go Module,N/A,e:\ReconX\Reconx_V_2.0.0\plugins\recon\email,Unknown,Unknown
NodeJS Package,N/A,e:\ReconX\Reconx_V_2.0.0\plugins\recon\email-osint-agent,Unknown,Unknown
Go Module,N/A,e:\ReconX\Reconx_V_2.0.0\plugins\recon\employees,Unknown,Unknown
Go Module,N/A,e:\ReconX\Reconx_V_2.0.0\plugins\recon\engine,Unknown,Unknown
Go Module,N/A,e:\ReconX\Reconx_V_2.0.0\plugins\recon\engineapi,Unknown,Unknown
Go Module,N/A,e:\ReconX\Reconx_V_2.0.0\plugins\recon\enumerate,Unknown,Unknown
Go Module,N/A,e:\ReconX\Reconx_V_2.0.0\plugins\recon\enumerate_test,Unknown,Unknown
Go Module,N/A,e:\ReconX\Reconx_V_2.0.0\plugins\recon\events,Unknown,Unknown
NodeJS Package,N/A,e:\ReconX\Reconx_V_2.0.0\plugins\recon\evidence-graph,Unknown,Unknown
NodeJS Package,N/A,e:\ReconX\Reconx_V_2.0.0\plugins\recon\evidence-normalizers,Unknown,Unknown
Go Module,N/A,e:\ReconX\Reconx_V_2.0.0\plugins\recon\extractor,Unknown,Unknown
NodeJS Package,N/A,e:\ReconX\Reconx_V_2.0.0\plugins\recon\fastapi-scaffold,Unknown,Unknown
Go Module,N/A,e:\ReconX\Reconx_V_2.0.0\plugins\recon\file,Unknown,Unknown
Go Module,N/A,e:\ReconX\Reconx_V_2.0.0\plugins\recon\files,Unknown,Unknown
Go Module,N/A,e:\ReconX\Reconx_V_2.0.0\plugins\recon\filter,Unknown,Unknown
Go Module,N/A,e:\ReconX\Reconx_V_2.0.0\plugins\recon\find,Unknown,Unknown
Go Module,N/A,e:\ReconX\Reconx_V_2.0.0\plugins\recon\findsubdomains,Unknown,Unknown
Go Module,N/A,e:\ReconX\Reconx_V_2.0.0\plugins\recon\fingerprinting,Unknown,Unknown
Go Module,N/A,e:\ReconX\Reconx_V_2.0.0\plugins\recon\fingerprints,Unknown,Unknown
Go Module,N/A,e:\ReconX\Reconx_V_2.0.0\plugins\recon\fofa,Unknown,Unknown
Go Module,N/A,e:\ReconX\Reconx_V_2.0.0\plugins\recon\fofa_2,Unknown,Unknown
Go Module,N/A,e:\ReconX\Reconx_V_2.0.0\plugins\recon\fqdn,Unknown,Unknown
Go Module,N/A,e:\ReconX\Reconx_V_2.0.0\plugins\recon\fqdn_endpoint,Unknown,Unknown
Go Module,N/A,e:\ReconX\Reconx_V_2.0.0\plugins\recon\fqdn_lookup,Unknown,Unknown
Go Module,N/A,e:\ReconX\Reconx_V_2.0.0\plugins\recon\fullhunt,Unknown,Unknown
Go Module,N/A,e:\ReconX\Reconx_V_2.0.0\plugins\recon\fuzzy,Unknown,Unknown
Go Module,N/A,e:\ReconX\Reconx_V_2.0.0\plugins\recon\gexf,Unknown,Unknown
Go Module,N/A,e:\ReconX\Reconx_V_2.0.0\plugins\recon\gexf_test,Unknown,Unknown
Go Module,N/A,e:\ReconX\Reconx_V_2.0.0\plugins\recon\github,Unknown,Unknown
Go Module,N/A,e:\ReconX\Reconx_V_2.0.0\plugins\recon\gitlab,Unknown,Unknown
Go Module,N/A,e:\ReconX\Reconx_V_2.0.0\plugins\recon\gleif,Unknown,Unknown
Go Module,N/A,e:\ReconX\Reconx_V_2.0.0\plugins\recon\gleif_1,Unknown,Unknown
Go Module,N/A,e:\ReconX\Reconx_V_2.0.0\plugins\recon\graph,Unknown,Unknown
Go Module,N/A,e:\ReconX\Reconx_V_2.0.0\plugins\recon\graphdb,Unknown,Unknown
Go Module,N/A,e:\ReconX\Reconx_V_2.0.0\plugins\recon\graphdb_test,Unknown,Unknown
Go Module,N/A,e:\ReconX\Reconx_V_2.0.0\plugins\recon\grepapp,Unknown,Unknown
Go Module,N/A,e:\ReconX\Reconx_V_2.0.0\plugins\recon\hackertarget_1,Unknown,Unknown
Go Module,N/A,e:\ReconX\Reconx_V_2.0.0\plugins\recon\hackertarget_3,Unknown,Unknown
Go Module,N/A,e:\ReconX\Reconx_V_2.0.0\plugins\recon\handlers,Unknown,Unknown
Go Module,N/A,e:\ReconX\Reconx_V_2.0.0\plugins\recon\http,Unknown,Unknown
Go Module,N/A,e:\ReconX\Reconx_V_2.0.0\plugins\recon\http_clients,Unknown,Unknown
Go Module,N/A,e:\ReconX\Reconx_V_2.0.0\plugins\recon\http_test,Unknown,Unknown
Go Module,N/A,e:\ReconX\Reconx_V_2.0.0\plugins\recon\hudsonrock,Unknown,Unknown
Go Module,N/A,e:\ReconX\Reconx_V_2.0.0\plugins\recon\hunterio,Unknown,Unknown
NodeJS Package,N/A,e:\ReconX\Reconx_V_2.0.0\plugins\recon\i18n,Unknown,Unknown
NodeJS Package,N/A,e:\ReconX\Reconx_V_2.0.0\plugins\recon\index_11,Unknown,Unknown
NodeJS Package,N/A,e:\ReconX\Reconx_V_2.0.0\plugins\recon\index_4,Unknown,Unknown
NodeJS Package,N/A,e:\ReconX\Reconx_V_2.0.0\plugins\recon\index_5,Unknown,Unknown
NodeJS Package,N/A,e:\ReconX\Reconx_V_2.0.0\plugins\recon\index_8,Unknown,Unknown
NodeJS Package,N/A,e:\ReconX\Reconx_V_2.0.0\plugins\recon\info-collect,Unknown,Unknown
Go Module,N/A,e:\ReconX\Reconx_V_2.0.0\plugins\recon\ini,Unknown,Unknown
Go Module,N/A,e:\ReconX\Reconx_V_2.0.0\plugins\recon\initialize,Unknown,Unknown
Go Module,N/A,e:\ReconX\Reconx_V_2.0.0\plugins\recon\integration,Unknown,Unknown
Go Module,N/A,e:\ReconX\Reconx_V_2.0.0\plugins\recon\intelx,Unknown,Unknown
Go Module,N/A,e:\ReconX\Reconx_V_2.0.0\plugins\recon\ipaddr,Unknown,Unknown
Go Module,N/A,e:\ReconX\Reconx_V_2.0.0\plugins\recon\ipaddr_endpoint,Unknown,Unknown
Go Module,N/A,e:\ReconX\Reconx_V_2.0.0\plugins\recon\ipnet,Unknown,Unknown
Go Module,N/A,e:\ReconX\Reconx_V_2.0.0\plugins\recon\ipverse,Unknown,Unknown
Go Module,N/A,e:\ReconX\Reconx_V_2.0.0\plugins\recon\ip_netblock,Unknown,Unknown
Go Module,N/A,e:\ReconX\Reconx_V_2.0.0\plugins\recon\jarm,Unknown,Unknown
Go Module,N/A,e:\ReconX\Reconx_V_2.0.0\plugins\recon\known_fqdn,Unknown,Unknown
Go Module,N/A,e:\ReconX\Reconx_V_2.0.0\plugins\recon\leakix,Unknown,Unknown
Go Module,N/A,e:\ReconX\Reconx_V_2.0.0\plugins\recon\leakix_2,Unknown,Unknown
NodeJS Package,N/A,e:\ReconX\Reconx_V_2.0.0\plugins\recon\ledger,Unknown,Unknown
NodeJS Package,N/A,e:\ReconX\Reconx_V_2.0.0\plugins\recon\LegacyPentestRunner,Unknown,Unknown
Go Module,N/A,e:\ReconX\Reconx_V_2.0.0\plugins\recon\lei_record,Unknown,Unknown
Go Module,N/A,e:\ReconX\Reconx_V_2.0.0\plugins\recon\listener,Unknown,Unknown
Go Module,N/A,e:\ReconX\Reconx_V_2.0.0\plugins\recon\listener_http,Unknown,Unknown
NodeJS Package,N/A,e:\ReconX\Reconx_V_2.0.0\plugins\recon\llm-analyzer,Unknown,Unknown
Go Module,N/A,e:\ReconX\Reconx_V_2.0.0\plugins\recon\load,Unknown,Unknown
Go Module,N/A,e:\ReconX\Reconx_V_2.0.0\plugins\recon\location,Unknown,Unknown
Go Module,N/A,e:\ReconX\Reconx_V_2.0.0\plugins\recon\locations,Unknown,Unknown
Go Module,N/A,e:\ReconX\Reconx_V_2.0.0\plugins\recon\location_1,Unknown,Unknown
Go Module,N/A,e:\ReconX\Reconx_V_2.0.0\plugins\recon\log,Unknown,Unknown
NodeJS Package,N/A,e:\ReconX\Reconx_V_2.0.0\plugins\recon\logs,Unknown,Unknown
Go Module,N/A,e:\ReconX\Reconx_V_2.0.0\plugins\recon\main_1,Unknown,Unknown
Go Module,N/A,e:\ReconX\Reconx_V_2.0.0\plugins\recon\main_10,Unknown,Unknown
Go Module,N/A,e:\ReconX\Reconx_V_2.0.0\plugins\recon\main_17,Unknown,Unknown
Go Module,N/A,e:\ReconX\Reconx_V_2.0.0\plugins\recon\main_18,Unknown,Unknown
Go Module,N/A,e:\ReconX\Reconx_V_2.0.0\plugins\recon\main_2,Unknown,Unknown
Go Module,N/A,e:\ReconX\Reconx_V_2.0.0\plugins\recon\main_3,Unknown,Unknown
Go Module,N/A,e:\ReconX\Reconx_V_2.0.0\plugins\recon\main_4,Unknown,Unknown
Go Module,N/A,e:\ReconX\Reconx_V_2.0.0\plugins\recon\main_5,Unknown,Unknown
Go Module,N/A,e:\ReconX\Reconx_V_2.0.0\plugins\recon\main_6,Unknown,Unknown
Go Module,N/A,e:\ReconX\Reconx_V_2.0.0\plugins\recon\main_7,Unknown,Unknown
Go Module,N/A,e:\ReconX\Reconx_V_2.0.0\plugins\recon\main_8,Unknown,Unknown
Go Module,N/A,e:\ReconX\Reconx_V_2.0.0\plugins\recon\main_9,Unknown,Unknown
Go Module,N/A,e:\ReconX\Reconx_V_2.0.0\plugins\recon\main_server_tls,Unknown,Unknown
Go Module,N/A,e:\ReconX\Reconx_V_2.0.0\plugins\recon\manager_1,Unknown,Unknown
NodeJS Package,N/A,e:\ReconX\Reconx_V_2.0.0\plugins\recon\markers,Unknown,Unknown
Go Module,N/A,e:\ReconX\Reconx_V_2.0.0\plugins\recon\match,Unknown,Unknown
Go Module,N/A,e:\ReconX\Reconx_V_2.0.0\plugins\recon\merklemap,Unknown,Unknown
NodeJS Package,N/A,e:\ReconX\Reconx_V_2.0.0\plugins\recon\metasploit-agent,Unknown,Unknown
NodeJS Package,N/A,e:\ReconX\Reconx_V_2.0.0\plugins\recon\ModelCommand,Unknown,Unknown
Go Module,N/A,e:\ReconX\Reconx_V_2.0.0\plugins\recon\monitor,Unknown,Unknown
Go Module,N/A,e:\ReconX\Reconx_V_2.0.0\plugins\recon\netblock,Unknown,Unknown
Go Module,N/A,e:\ReconX\Reconx_V_2.0.0\plugins\recon\netblock_1,Unknown,Unknown
Go Module,N/A,e:\ReconX\Reconx_V_2.0.0\plugins\recon\netlas,Unknown,Unknown
NodeJS Package,N/A,e:\ReconX\Reconx_V_2.0.0\plugins\recon\network-recon,Unknown,Unknown
Go Module,N/A,e:\ReconX\Reconx_V_2.0.0\plugins\recon\networks,Unknown,Unknown
Go Module,N/A,e:\ReconX\Reconx_V_2.0.0\plugins\recon\normalization,Unknown,Unknown
Go Module,N/A,e:\ReconX\Reconx_V_2.0.0\plugins\recon\onyphe,Unknown,Unknown
Go Module,N/A,e:\ReconX\Reconx_V_2.0.0\plugins\recon\options_2,Unknown,Unknown
Go Module,N/A,e:\ReconX\Reconx_V_2.0.0\plugins\recon\org,Unknown,Unknown
Go Module,N/A,e:\ReconX\Reconx_V_2.0.0\plugins\recon\orgs,Unknown,Unknown
Go Module,N/A,e:\ReconX\Reconx_V_2.0.0\plugins\recon\org_1,Unknown,Unknown
Go Module,N/A,e:\ReconX\Reconx_V_2.0.0\plugins\recon\org_lei,Unknown,Unknown
Go Module,N/A,e:\ReconX\Reconx_V_2.0.0\plugins\recon\outputter,Unknown,Unknown
Go Module,N/A,e:\ReconX\Reconx_V_2.0.0\plugins\recon\parse,Unknown,Unknown
Go Module,N/A,e:\ReconX\Reconx_V_2.0.0\plugins\recon\parse_test,Unknown,Unknown
Go Module,N/A,e:\ReconX\Reconx_V_2.0.0\plugins\recon\passive,Unknown,Unknown
Go Module,N/A,e:\ReconX\Reconx_V_2.0.0\plugins\recon\passivetotal,Unknown,Unknown
Go Module,N/A,e:\ReconX\Reconx_V_2.0.0\plugins\recon\pipelines,Unknown,Unknown
Go Module,N/A,e:\ReconX\Reconx_V_2.0.0\plugins\recon\plugin,Unknown,Unknown
Go Module,N/A,e:\ReconX\Reconx_V_2.0.0\plugins\recon\plugin_1,Unknown,Unknown
Go Module,N/A,e:\ReconX\Reconx_V_2.0.0\plugins\recon\plugin_2,Unknown,Unknown
Go Module,N/A,e:\ReconX\Reconx_V_2.0.0\plugins\recon\plugin_3,Unknown,Unknown
Go Module,N/A,e:\ReconX\Reconx_V_2.0.0\plugins\recon\plugin_4,Unknown,Unknown
Go Module,N/A,e:\ReconX\Reconx_V_2.0.0\plugins\recon\plugin_5,Unknown,Unknown
Go Module,N/A,e:\ReconX\Reconx_V_2.0.0\plugins\recon\plugin_6,Unknown,Unknown
Go Module,N/A,e:\ReconX\Reconx_V_2.0.0\plugins\recon\plugin_7,Unknown,Unknown
Go Module,N/A,e:\ReconX\Reconx_V_2.0.0\plugins\recon\plugin_8,Unknown,Unknown
NodeJS Package,N/A,e:\ReconX\Reconx_V_2.0.0\plugins\recon\pre-recon,Unknown,Unknown
NodeJS Package,N/A,e:\ReconX\Reconx_V_2.0.0\plugins\recon\preflight,Unknown,Unknown
Go Module,N/A,e:\ReconX\Reconx_V_2.0.0\plugins\recon\print,Unknown,Unknown
Go Module,N/A,e:\ReconX\Reconx_V_2.0.0\plugins\recon\process,Unknown,Unknown
Go Module,N/A,e:\ReconX\Reconx_V_2.0.0\plugins\recon\profundis,Unknown,Unknown
Go Module,N/A,e:\ReconX\Reconx_V_2.0.0\plugins\recon\prospeo,Unknown,Unknown
NodeJS Package,N/A,e:\ReconX\Reconx_V_2.0.0\plugins\recon\pseudo-source-builder,Unknown,Unknown
Go Module,N/A,e:\ReconX\Reconx_V_2.0.0\plugins\recon\pugrecon,Unknown,Unknown
Go Module,N/A,e:\ReconX\Reconx_V_2.0.0\plugins\recon\pure_go,Unknown,Unknown
Go Module,N/A,e:\ReconX\Reconx_V_2.0.0\plugins\recon\quake,Unknown,Unknown
Go Module,N/A,e:\ReconX\Reconx_V_2.0.0\plugins\recon\ranger,Unknown,Unknown
Go Module,N/A,e:\ReconX\Reconx_V_2.0.0\plugins\recon\rapiddns,Unknown,Unknown
Go Module,N/A,e:\ReconX\Reconx_V_2.0.0\plugins\recon\rapiddns_2,Unknown,Unknown
Go Module,N/A,e:\ReconX\Reconx_V_2.0.0\plugins\recon\ratelimit_test,Unknown,Unknown
Go Module,N/A,e:\ReconX\Reconx_V_2.0.0\plugins\recon\rdap,Unknown,Unknown
Go Module,N/A,e:\ReconX\Reconx_V_2.0.0\plugins\recon\reconcloud,Unknown,Unknown
Go Module,N/A,e:\ReconX\Reconx_V_2.0.0\plugins\recon\reconeer,Unknown,Unknown
Go Module,N/A,e:\ReconX\Reconx_V_2.0.0\plugins\recon\redhuntlabs,Unknown,Unknown
Go Module,N/A,e:\ReconX\Reconx_V_2.0.0\plugins\recon\registry,Unknown,Unknown
Go Module,N/A,e:\ReconX\Reconx_V_2.0.0\plugins\recon\registry_1,Unknown,Unknown
Go Module,N/A,e:\ReconX\Reconx_V_2.0.0\plugins\recon\registry_test,Unknown,Unknown
Go Module,N/A,e:\ReconX\Reconx_V_2.0.0\plugins\recon\reg_records,Unknown,Unknown
Go Module,N/A,e:\ReconX\Reconx_V_2.0.0\plugins\recon\related,Unknown,Unknown
NodeJS Package,N/A,e:\ReconX\Reconx_V_2.0.0\plugins\recon\resilience,Unknown,Unknown
Go Module,N/A,e:\ReconX\Reconx_V_2.0.0\plugins\recon\resolve,Unknown,Unknown
Go Module,N/A,e:\ReconX\Reconx_V_2.0.0\plugins\recon\resolvers,Unknown,Unknown
Go Module,N/A,e:\ReconX\Reconx_V_2.0.0\plugins\recon\resolvers_1,Unknown,Unknown
Go Module,N/A,e:\ReconX\Reconx_V_2.0.0\plugins\recon\reverse,Unknown,Unknown
Go Module,N/A,e:\ReconX\Reconx_V_2.0.0\plugins\recon\riddler,Unknown,Unknown
Go Module,N/A,e:\ReconX\Reconx_V_2.0.0\plugins\recon\robtext,Unknown,Unknown
Go Module,N/A,e:\ReconX\Reconx_V_2.0.0\plugins\recon\rsecloud,Unknown,Unknown
Go Module,N/A,e:\ReconX\Reconx_V_2.0.0\plugins\recon\runner_3,Unknown,Unknown
NodeJS Package,N/A,e:\ReconX\Reconx_V_2.0.0\plugins\recon\scheduler,Unknown,Unknown
Go Module,N/A,e:\ReconX\Reconx_V_2.0.0\plugins\recon\scope,Unknown,Unknown
Go Module,N/A,e:\ReconX\Reconx_V_2.0.0\plugins\recon\scope_1,Unknown,Unknown
Go Module,N/A,e:\ReconX\Reconx_V_2.0.0\plugins\recon\scope_test,Unknown,Unknown
NodeJS Package,N/A,e:\ReconX\Reconx_V_2.0.0\plugins\recon\security-header-analyzer,Unknown,Unknown
NodeJS Package,N/A,e:\ReconX\Reconx_V_2.0.0\plugins\recon\SecurityHeaderAnalyzer,Unknown,Unknown
Go Module,N/A,e:\ReconX\Reconx_V_2.0.0\plugins\recon\securitytrails,Unknown,Unknown
Go Module,N/A,e:\ReconX\Reconx_V_2.0.0\plugins\recon\securitytrails_2,Unknown,Unknown
Go Module,N/A,e:\ReconX\Reconx_V_2.0.0\plugins\recon\server_1,Unknown,Unknown
Go Module,N/A,e:\ReconX\Reconx_V_2.0.0\plugins\recon\session,Unknown,Unknown
NodeJS Package,N/A,e:\ReconX\Reconx_V_2.0.0\plugins\recon\session-manager,Unknown,Unknown
Go Module,N/A,e:\ReconX\Reconx_V_2.0.0\plugins\recon\sessions,Unknown,Unknown
NodeJS Package,N/A,e:\ReconX\Reconx_V_2.0.0\plugins\recon\shadow-it,Unknown,Unknown
NodeJS Package,N/A,e:\ReconX\Reconx_V_2.0.0\plugins\recon\shadow-ittest,Unknown,Unknown
Go Module,N/A,e:\ReconX\Reconx_V_2.0.0\plugins\recon\shodan,Unknown,Unknown
Go Module,N/A,e:\ReconX\Reconx_V_2.0.0\plugins\recon\sitedossier,Unknown,Unknown
Go Module,N/A,e:\ReconX\Reconx_V_2.0.0\plugins\recon\sitedossier_2,Unknown,Unknown
Go Module,N/A,e:\ReconX\Reconx_V_2.0.0\plugins\recon\sources,Unknown,Unknown
Go Module,N/A,e:\ReconX\Reconx_V_2.0.0\plugins\recon\sources_test,Unknown,Unknown
Go Module,N/A,e:\ReconX\Reconx_V_2.0.0\plugins\recon\sources_wo_auth_test,Unknown,Unknown
Go Module,N/A,e:\ReconX\Reconx_V_2.0.0\plugins\recon\sources_w_auth_test,Unknown,Unknown
NodeJS Package,N/A,e:\ReconX\Reconx_V_2.0.0\plugins\recon\sqlmap-agent,Unknown,Unknown
Go Module,N/A,e:\ReconX\Reconx_V_2.0.0\plugins\recon\srv,Unknown,Unknown
NodeJS Package,N/A,e:\ReconX\Reconx_V_2.0.0\plugins\recon\start,Unknown,Unknown
Go Module,N/A,e:\ReconX\Reconx_V_2.0.0\plugins\recon\stats,Unknown,Unknown
NodeJS Package,N/A,e:\ReconX\Reconx_V_2.0.0\plugins\recon\subdomain-hunter-agent,Unknown,Unknown
Go Module,N/A,e:\ReconX\Reconx_V_2.0.0\plugins\recon\submd,Unknown,Unknown
Go Module,N/A,e:\ReconX\Reconx_V_2.0.0\plugins\recon\subs,Unknown,Unknown
Go Module,N/A,e:\ReconX\Reconx_V_2.0.0\plugins\recon\support,Unknown,Unknown
Go Module,N/A,e:\ReconX\Reconx_V_2.0.0\plugins\recon\support_test,Unknown,Unknown
NodeJS Package,N/A,e:\ReconX\Reconx_V_2.0.0\plugins\recon\target-model,Unknown,Unknown
NodeJS Package,N/A,e:\ReconX\Reconx_V_2.0.0\plugins\recon\tech-fingerprinter-agent,Unknown,Unknown
Go Module,N/A,e:\ReconX\Reconx_V_2.0.0\plugins\recon\thc,Unknown,Unknown
Go Module,N/A,e:\ReconX\Reconx_V_2.0.0\plugins\recon\threatbook,Unknown,Unknown
Go Module,N/A,e:\ReconX\Reconx_V_2.0.0\plugins\recon\threatcrowd,Unknown,Unknown
Go Module,N/A,e:\ReconX\Reconx_V_2.0.0\plugins\recon\threatcrowd_2,Unknown,Unknown
Go Module,N/A,e:\ReconX\Reconx_V_2.0.0\plugins\recon\threatminer,Unknown,Unknown
Go Module,N/A,e:\ReconX\Reconx_V_2.0.0\plugins\recon\tls_cert,Unknown,Unknown
Go Module,N/A,e:\ReconX\Reconx_V_2.0.0\plugins\recon\tls_cert_1,Unknown,Unknown
NodeJS Package,N/A,e:\ReconX\Reconx_V_2.0.0\plugins\recon\tool-checker,Unknown,Unknown
NodeJS Package,N/A,e:\ReconX\Reconx_V_2.0.0\plugins\recon\tool-runner,Unknown,Unknown
Go Module,N/A,e:\ReconX\Reconx_V_2.0.0\plugins\recon\transform,Unknown,Unknown
Go Module,N/A,e:\ReconX\Reconx_V_2.0.0\plugins\recon\transform_test,Unknown,Unknown
Go Module,N/A,e:\ReconX\Reconx_V_2.0.0\plugins\recon\txt,Unknown,Unknown
Go Module,N/A,e:\ReconX\Reconx_V_2.0.0\plugins\recon\txt_1,Unknown,Unknown
Go Module,N/A,e:\ReconX\Reconx_V_2.0.0\plugins\recon\type,Unknown,Unknown
Go Module,N/A,e:\ReconX\Reconx_V_2.0.0\plugins\recon\types_1,Unknown,Unknown
Go Module,N/A,e:\ReconX\Reconx_V_2.0.0\plugins\recon\types_9,Unknown,Unknown
Go Module,N/A,e:\ReconX\Reconx_V_2.0.0\plugins\recon\url,Unknown,Unknown
Go Module,N/A,e:\ReconX\Reconx_V_2.0.0\plugins\recon\urlscan_2,Unknown,Unknown
Go Module,N/A,e:\ReconX\Reconx_V_2.0.0\plugins\recon\utils,Unknown,Unknown
Go Module,N/A,e:\ReconX\Reconx_V_2.0.0\plugins\recon\validate_2,Unknown,Unknown
Go Module,N/A,e:\ReconX\Reconx_V_2.0.0\plugins\recon\virustotal,Unknown,Unknown
Go Module,N/A,e:\ReconX\Reconx_V_2.0.0\plugins\recon\virustotal_1,Unknown,Unknown
Go Module,N/A,e:\ReconX\Reconx_V_2.0.0\plugins\recon\virustotal_3,Unknown,Unknown
Go Module,N/A,e:\ReconX\Reconx_V_2.0.0\plugins\recon\viz,Unknown,Unknown
NodeJS Package,N/A,e:\ReconX\Reconx_V_2.0.0\plugins\recon\vuln-hypothesizer,Unknown,Unknown
Go Module,N/A,e:\ReconX\Reconx_V_2.0.0\plugins\recon\waybackarchive,Unknown,Unknown
Go Module,N/A,e:\ReconX\Reconx_V_2.0.0\plugins\recon\wayback_1,Unknown,Unknown
Go Module,N/A,e:\ReconX\Reconx_V_2.0.0\plugins\recon\whoisxmlapi,Unknown,Unknown
Go Module,N/A,e:\ReconX\Reconx_V_2.0.0\plugins\recon\windvane,Unknown,Unknown
NodeJS Package,N/A,e:\ReconX\Reconx_V_2.0.0\plugins\recon\WorldModel,Unknown,Unknown
NodeJS Package,N/A,e:\ReconX\Reconx_V_2.0.0\plugins\recon\WorldModeltest,Unknown,Unknown
NodeJS Package,N/A,e:\ReconX\Reconx_V_2.0.0\plugins\recon\xss-validator-agent,Unknown,Unknown
Go Module,N/A,e:\ReconX\Reconx_V_2.0.0\plugins\recon\zetalytics,Unknown,Unknown
Go Module,N/A,e:\ReconX\Reconx_V_2.0.0\plugins\recon\zoomeyeapi,Unknown,Unknown
NodeJS Package,N/A,e:\ReconX\Reconx_V_2.0.0\plugins\reporting\artifact-manifest,Unknown,Unknown
Go Module,N/A,e:\ReconX\Reconx_V_2.0.0\plugins\reporting\chunk_eino,Unknown,Unknown
Go Module,N/A,e:\ReconX\Reconx_V_2.0.0\plugins\reporting\config_test,Unknown,Unknown
Go Module,N/A,e:\ReconX\Reconx_V_2.0.0\plugins\reporting\ding,Unknown,Unknown
NodeJS Package,N/A,e:\ReconX\Reconx_V_2.0.0\plugins\reporting\ground-truth-validator,Unknown,Unknown
NodeJS Package,N/A,e:\ReconX\Reconx_V_2.0.0\plugins\reporting\index_2,Unknown,Unknown
NodeJS Package,N/A,e:\ReconX\Reconx_V_2.0.0\plugins\reporting\index_6,Unknown,Unknown
Go Module,N/A,e:\ReconX\Reconx_V_2.0.0\plugins\reporting\index_pipeline_test,Unknown,Unknown
Go Module,N/A,e:\ReconX\Reconx_V_2.0.0\plugins\reporting\listener_websocket,Unknown,Unknown
Go Module,N/A,e:\ReconX\Reconx_V_2.0.0\plugins\reporting\resource_availability,Unknown,Unknown
Go Module,N/A,e:\ReconX\Reconx_V_2.0.0\plugins\reporting\throttle,Unknown,Unknown
NodeJS Package,N/A,e:\ReconX\Reconx_V_2.0.0\plugins\reporting\tool-responses,Unknown,Unknown
Go Module,N/A,e:\ReconX\Reconx_V_2.0.0\plugins\reporting\types_6,Unknown,Unknown
Go Module,N/A,e:\ReconX\Reconx_V_2.0.0\plugins\reporting\vulnerability,Unknown,Unknown
NodeJS Package,N/A,e:\ReconX\Reconx_V_2.0.0\plugins\reporting\webhook-reporter,Unknown,Unknown
Go Module,N/A,e:\ReconX\Reconx_V_2.0.0\plugins\reporting\websocket,Unknown,Unknown
NodeJS Package,N/A,e:\ReconX\Reconx_V_2.0.0\plugins\reporting\workspaces_1,Unknown,Unknown
Go Module,N/A,e:\ReconX\Reconx_V_2.0.0\plugins\web_scanning\chat_uploads,Unknown,Unknown
Go Module,N/A,e:\ReconX\Reconx_V_2.0.0\plugins\web_scanning\const,Unknown,Unknown
Go Module,N/A,e:\ReconX\Reconx_V_2.0.0\plugins\web_scanning\constants_1,Unknown,Unknown
Go Module,N/A,e:\ReconX\Reconx_V_2.0.0\plugins\web_scanning\crlfuzz,Unknown,Unknown
Go Module,N/A,e:\ReconX\Reconx_V_2.0.0\plugins\web_scanning\eino_tool_name_injection,Unknown,Unknown
NodeJS Package,N/A,e:\ReconX\Reconx_V_2.0.0\plugins\web_scanning\enhanced-report,Unknown,Unknown
Go Module,N/A,e:\ReconX\Reconx_V_2.0.0\plugins\web_scanning\executor,Unknown,Unknown
Go Module,N/A,e:\ReconX\Reconx_V_2.0.0\plugins\web_scanning\generator,Unknown,Unknown
NodeJS Package,N/A,e:\ReconX\Reconx_V_2.0.0\plugins\web_scanning\ghost-traffic,Unknown,Unknown
NodeJS Package,N/A,e:\ReconX\Reconx_V_2.0.0\plugins\web_scanning\ghost-traffictest,Unknown,Unknown
NodeJS Package,N/A,e:\ReconX\Reconx_V_2.0.0\plugins\web_scanning\index_10,Unknown,Unknown
Go Module,N/A,e:\ReconX\Reconx_V_2.0.0\plugins\web_scanning\main_11,Unknown,Unknown
NodeJS Package,N/A,e:\ReconX\Reconx_V_2.0.0\plugins\web_scanning\mock_pipelinetest,Unknown,Unknown
NodeJS Package,N/A,e:\ReconX\Reconx_V_2.0.0\plugins\web_scanning\nuclei-agent,Unknown,Unknown
Go Module,N/A,e:\ReconX\Reconx_V_2.0.0\plugins\web_scanning\openapi,Unknown,Unknown
Go Module,N/A,e:\ReconX\Reconx_V_2.0.0\plugins\web_scanning\runner_1,Unknown,Unknown
Go Module,N/A,e:\ReconX\Reconx_V_2.0.0\plugins\web_scanning\types_2,Unknown,Unknown
Go Module,N/A,e:\ReconX\Reconx_V_2.0.0\plugins\web_scanning\validator,Unknown,Unknown
Go Module,N/A,e:\ReconX\Reconx_V_2.0.0\plugins\web_scanning\vars,Unknown,Unknown
Go Module,N/A,e:\ReconX\Reconx_V_2.0.0\plugins\web_scanning\version,Unknown,Unknown
NodeJS Package,N/A,e:\ReconX\Reconx_V_2.0.0\plugins\web_scanning\webshell,Unknown,Unknown
